episode,total_reward,steps,epsilon,table_size,delivered_units,spoiled_units,deliveries_count,distance
0,-1785.3100000000002,200,0.99915,53,6.0,359.0,1,178
1,-1727.7559999999996,200,0.9983,88,10.0,357.0,2,177
2,-1332.7720000000002,200,0.99745,111,25.0,313.0,7,177
3,-2006.9360000000004,200,0.9966,132,0.0,391.0,0,175
4,-1727.7040000000002,200,0.99575,153,0.0,335.0,0,176
5,-1326.9640000000004,200,0.9949,173,0.0,253.0,0,177
6,-1741.69,200,0.99405,193,0.0,337.0,0,179
7,-1533.7739999999994,200,0.9932,204,11.0,320.0,2,177
8,-1684.278,200,0.99235,226,15.0,365.0,5,179
9,-1508.5020000000006,200,0.9915,232,7.0,305.0,1,175
10,-1454.0760000000005,200,0.99065,250,8.0,297.0,2,181
11,-1368.7919999999995,200,0.9898,257,19.0,307.0,6,180
12,-1682.9239999999998,200,0.98895,269,13.0,354.0,3,174
13,-1662.4740000000002,200,0.9881,284,2.0,326.0,1,178
14,-1169.9319999999996,200,0.98725,296,40.0,314.0,7,177
15,-1635.8040000000005,200,0.9864,316,16.0,351.0,3,172
16,-1602.2040000000009,200,0.98555,331,5.0,320.0,1,175
17,-1393.5059999999996,200,0.9847,342,4.0,276.0,1,181
18,-1241.1839999999993,200,0.98385,350,7.0,254.0,2,178
19,-1402.6719999999998,200,0.983,360,12.0,295.0,2,180
20,-1724.15,200,0.98215,373,0.0,334.0,0,178
21,-1682.8459999999998,200,0.9813,396,8.0,343.0,2,179
22,-1271.862,200,0.98045,408,20.0,292.0,4,177
23,-1703.1119999999994,200,0.9796,412,4.0,338.0,1,181
24,-1291.0539999999994,200,0.97875,417,6.0,260.0,1,178
25,-1190.7240000000002,200,0.9779,430,4.0,236.0,1,178
26,-973.6080000000004,200,0.97705,443,16.0,219.0,3,175
27,-698.246,200,0.9762,456,37.0,209.0,5,175
28,-1320.3740000000005,200,0.97535,467,8.0,270.0,1,178
29,-1466.5300000000009,200,0.9745,475,10.0,305.0,3,180
30,-1584.2499999999998,200,0.97365,477,6.0,319.0,1,173
31,-1766.3879999999995,200,0.9728,481,0.0,342.0,0,189
32,-1458.0720000000003,200,0.97195,490,0.0,280.0,0,175
33,-1847.2959999999991,200,0.9711,494,0.0,358.0,0,180
34,-1579.4499999999994,200,0.97025,501,0.0,305.0,0,179
35,-1585.8799999999999,200,0.9694,504,3.0,313.0,1,183
36,-782.9499999999998,200,0.96855,514,29.0,209.0,4,169
37,-1664.718,200,0.9677,516,22.0,373.0,5,176
38,-1896.6279999999988,200,0.96685,518,0.0,368.0,0,176
39,-1276.0180000000003,200,0.966,530,8.0,262.0,5,180
40,-1560.0740000000003,200,0.96515,531,11.0,325.0,2,183
41,-1595.2979999999998,200,0.9643,532,19.0,350.0,5,179
42,-1728.720000000001,200,0.96345,540,2.0,339.0,1,169
43,-1730.9140000000004,200,0.9626,549,9.0,354.0,2,176
44,-1690.8619999999999,200,0.96175,554,15.0,360.0,3,179
45,-1552.8759999999993,200,0.9609,560,22.0,355.0,7,176
46,-1782.178,200,0.96005,570,0.0,344.0,0,179
47,-1663.9339999999995,200,0.9592,576,1.0,323.0,1,178
48,-1510.4200000000005,200,0.95835,593,1.0,293.0,1,176
49,-1500.9560000000004,200,0.9575,599,0.0,289.0,0,183
50,-1534.776,200,0.95665,602,6.0,309.0,1,180
51,-1101.8680000000002,200,0.9558,607,14.0,241.0,3,176
52,-1884.1659999999995,200,0.95495,607,12.0,391.0,2,184
53,-1735.1180000000002,200,0.9541,608,0.0,335.0,0,173
54,-1891.0480000000007,200,0.95325,611,0.0,367.0,0,171
55,-1246.4719999999993,200,0.9524,616,15.0,272.0,3,179
56,-1411.9920000000004,200,0.95155,616,4.0,281.0,2,174
57,-1892.1080000000004,200,0.9507,618,0.0,366.0,0,176
58,-1579.9740000000004,200,0.94985,622,6.0,319.0,2,172
59,-1532.796,200,0.949,626,0.0,295.0,0,176
60,-1936.7339999999995,200,0.94815,645,0.0,377.0,0,170
61,-1669.3179999999998,200,0.9473,646,5.0,333.0,1,176
62,-1332.8440000000007,200,0.94645,649,0.0,256.0,0,173
63,-1831.9339999999997,200,0.9456,652,0.0,356.0,0,174
64,-1391.6259999999995,200,0.94475,653,7.0,282.0,3,176
65,-1701.1740000000011,200,0.9439,659,11.0,355.0,2,175
66,-1358.5620000000004,200,0.9430499999999999,661,27.0,323.0,5,174
67,-1334.0720000000003,200,0.9422,669,18.0,296.0,3,177
68,-1852.4839999999995,200,0.94135,674,0.0,359.0,0,175
69,-1289.0060000000005,200,0.9405,680,7.0,263.0,1,169
70,-1393.0760000000002,200,0.93965,690,23.0,319.0,5,174
71,-1818.1119999999996,200,0.9388,698,0.0,353.0,0,170
72,-1190.1079999999997,200,0.9379500000000001,710,18.0,266.0,3,180
73,-1441.4220000000003,200,0.9371,710,3.0,284.0,1,172
74,-1322.4119999999998,200,0.93625,715,0.0,254.0,0,180
75,-1681.2759999999996,200,0.9354,724,0.0,326.0,0,184
76,-1286.8059999999998,200,0.93455,727,11.0,269.0,2,175
77,-1666.4479999999996,200,0.9337,730,0.0,322.0,0,179
78,-1396.218,200,0.93285,733,15.0,302.0,4,166
79,-1799.6999999999998,200,0.9319999999999999,734,7.0,364.0,1,176
80,-936.6479999999996,200,0.93115,738,21.0,225.0,6,174
81,-1729.8820000000003,200,0.9303,742,0.0,335.0,0,177
82,-1670.2479999999996,200,0.92945,742,7.0,338.0,2,178
83,-1760.3699999999994,200,0.9286,743,0.0,342.0,0,177
84,-1777.7640000000008,200,0.92775,749,4.0,353.0,1,177
85,-1389.2299999999996,200,0.9269000000000001,754,7.0,283.0,2,174
86,-1293.2259999999997,200,0.92605,761,0.0,247.0,0,179
87,-1741.8159999999993,200,0.9252,761,8.0,354.0,1,177
88,-1735.3899999999999,200,0.92435,761,13.0,364.0,2,181
89,-1123.004,200,0.9235,768,15.0,249.0,3,184
90,-1925.4620000000002,200,0.92265,770,2.0,378.0,1,176
91,-1669.7320000000004,200,0.9218,771,10.0,346.0,2,176
92,-1582.5160000000012,200,0.92095,773,8.0,324.0,3,168
93,-1180.6920000000007,200,0.9201,778,15.0,261.0,4,176
94,-1164.7040000000002,200,0.91925,787,12.0,248.0,2,184
95,-1162.7279999999996,200,0.9184,789,8.0,240.0,2,171
96,-1444.938,200,0.91755,789,10.0,300.0,1,183
97,-1227.8220000000008,200,0.9167,794,13.0,263.0,2,176
98,-1450.5400000000002,200,0.91585,797,4.0,288.0,2,178
99,-1874.6520000000003,200,0.915,800,0.0,364.0,0,175
100,-1627.6479999999995,200,0.91415,801,0.0,314.0,0,181
101,-1992.1280000000002,200,0.9133,802,0.0,388.0,0,171
102,-1856.478,200,0.91245,802,15.0,394.0,4,174
103,-1031.1339999999998,200,0.9116,803,19.0,241.0,4,172
104,-2015.186,200,0.91075,808,4.0,402.0,1,170
105,-1690.3020000000006,200,0.9099,824,6.0,339.0,1,179
106,-1650.1239999999998,200,0.90905,826,4.0,327.0,1,172
107,-1353.8159999999996,200,0.9082,830,11.0,287.0,3,173
108,-1536.6559999999995,200,0.90735,835,8.0,315.0,1,176
109,-1173.006,200,0.9065,841,20.0,266.0,3,174
110,-1933.8920000000005,200,0.90565,841,0.0,376.0,0,178
111,-1760.9740000000006,200,0.9048,845,0.0,339.0,0,175
112,-1454.3980000000006,200,0.90395,847,23.0,335.0,5,176
113,-1681.0639999999999,200,0.9031,848,13.0,353.0,2,188
114,-1157.945999999999,200,0.90225,849,16.0,256.0,4,182
115,-1678.3760000000007,200,0.9014,850,0.0,324.0,0,173
116,-1421.2860000000005,200,0.90055,850,22.0,323.0,4,177
117,-1501.036,200,0.8997,857,0.0,289.0,0,178
118,-1426.0980000000004,200,0.89885,861,15.0,307.0,4,167
119,-1024.1019999999994,200,0.898,876,0.0,194.0,0,176
120,-1714.4820000000004,200,0.89715,876,0.0,333.0,0,162
121,-1661.6340000000007,200,0.8963,878,0.0,322.0,0,178
122,-1633.8220000000003,200,0.89545,883,0.0,315.0,0,173
123,-1283.3300000000002,200,0.8946000000000001,884,0.0,246.0,0,175
124,-1707.809999999999,200,0.89375,884,13.0,358.0,3,177
125,-1364.0179999999993,200,0.8929,885,10.0,284.0,2,177
126,-1698.5720000000006,200,0.89205,885,0.0,329.0,0,183
127,-1333.7259999999997,200,0.8912,893,19.0,297.0,4,184
128,-1158.9679999999996,200,0.89035,893,0.0,221.0,0,171
129,-1587.2720000000002,200,0.8895,894,7.0,322.0,2,178
130,-1385.202,200,0.8886499999999999,896,17.0,304.0,4,177
131,-1239.4059999999997,200,0.8878,898,31.0,307.0,5,178
132,-1174.4399999999996,200,0.88695,899,8.0,242.0,2,184
133,-1752.432000000001,200,0.8861,899,10.0,362.0,2,174
134,-1535.3139999999999,200,0.88525,901,0.0,297.0,0,168
135,-1589.2939999999992,200,0.8844,905,13.0,336.0,2,180
136,-1716.3499999999995,200,0.88355,907,0.0,333.0,0,173
137,-1577.0559999999994,200,0.8827,915,22.0,354.0,7,178
138,-1485.702,200,0.88185,915,0.0,286.0,0,177
139,-1897.944,200,0.881,918,0.0,369.0,0,175
140,-1095.2839999999997,200,0.88015,923,5.0,218.0,1,174
141,-1517.7160000000006,200,0.8793,923,3.0,300.0,1,168
142,-1192.5040000000001,200,0.87845,927,0.0,229.0,0,184
143,-1687.2140000000002,200,0.8776,927,6.0,339.0,1,178
144,-1392.9499999999998,200,0.87675,930,19.0,309.0,3,168
145,-1569.945999999999,200,0.8759,941,0.0,304.0,0,173
146,-2057.476,200,0.87505,941,0.0,401.0,0,173
147,-1600.3479999999995,200,0.8742,942,26.0,370.0,6,173
148,-1474.4699999999998,200,0.8733500000000001,945,28.0,346.0,5,166
149,-1705.7120000000007,200,0.8725,948,12.0,357.0,2,172
150,-1461.3780000000004,200,0.87165,951,11.0,306.0,3,176
151,-1004.9560000000001,200,0.8708,953,22.0,237.0,4,170
152,-2231.251999999999,200,0.86995,954,0.0,434.0,0,179
153,-1760.2179999999998,200,0.8691,954,3.0,348.0,3,171
154,-1649.355999999999,200,0.86825,954,7.0,334.0,2,183
155,-1649.1559999999997,200,0.8674,956,7.0,334.0,1,175
156,-735.1960000000001,200,0.86655,963,53.0,260.0,11,169
157,-1267.1199999999997,200,0.8657,966,12.0,269.0,3,175
158,-1591.0220000000002,200,0.86485,968,17.0,345.0,3,177
159,-1503.4100000000008,200,0.864,970,12.0,318.0,3,180
160,-782.9200000000001,200,0.86315,973,24.0,198.0,5,174
161,-1173.792,200,0.8623000000000001,974,20.0,268.0,6,171
162,-1858.7620000000002,200,0.86145,976,10.0,381.0,1,180
163,-1093.6819999999993,200,0.8606,977,29.0,278.0,7,179
164,-1164.6319999999996,200,0.85975,981,8.0,239.0,2,172
165,-992.5760000000004,200,0.8589,984,34.0,265.0,7,169
166,-1724.7639999999994,200,0.85805,990,7.0,350.0,1,170
167,-1717.6760000000008,200,0.8572,990,6.0,346.0,1,170
168,-1286.3560000000004,200,0.85635,993,16.0,285.0,4,176
169,-1621.9879999999998,200,0.8554999999999999,994,11.0,337.0,4,176
170,-1250.656,200,0.85465,998,15.0,271.0,2,175
171,-1440.9079999999997,200,0.8538,998,11.0,300.0,2,177
172,-1503.854,200,0.85295,1000,10.0,312.0,2,178
173,-1297.0439999999994,200,0.8521000000000001,1003,4.0,257.0,1,178
174,-1184.544,200,0.8512500000000001,1004,32.0,299.0,5,175
175,-1325.8139999999999,200,0.8504,1005,18.0,297.0,5,173
176,-1746.9359999999997,200,0.84955,1008,10.0,362.0,2,173
177,-1577.128,200,0.8487,1013,0.0,305.0,0,176
178,-845.0879999999997,200,0.84785,1020,49.0,265.0,9,176
179,-1430.3760000000002,200,0.847,1026,0.0,275.0,0,179
180,-1448.7559999999996,200,0.84615,1026,0.0,279.0,0,176
181,-1625.7259999999999,200,0.8452999999999999,1031,0.0,314.0,0,182
182,-1855.4339999999993,200,0.84445,1033,12.0,387.0,2,178
183,-1516.8800000000012,200,0.8436,1035,0.0,292.0,0,172
184,-1649.17,200,0.84275,1036,0.0,318.0,0,176
185,-1272.576,200,0.8419,1036,17.0,282.0,4,166
186,-1187.6980000000005,200,0.84105,1036,17.0,265.0,5,173
187,-1911.924,200,0.8402000000000001,1037,0.0,372.0,0,174
188,-1007.1420000000002,200,0.83935,1038,18.0,230.0,4,176
189,-1594.2719999999997,200,0.8385,1038,15.0,341.0,3,175
190,-1508.5379999999998,200,0.83765,1039,25.0,348.0,5,172
191,-983.4300000000002,200,0.8368,1045,24.0,241.0,10,178
192,-1901.524,200,0.83595,1049,14.0,400.0,3,178
193,-1707.6260000000007,200,0.8351,1051,0.0,331.0,0,178
194,-1048.25,200,0.8342499999999999,1057,24.0,252.0,5,169
195,-1140.8419999999999,200,0.8334,1059,33.0,294.0,6,178
196,-1227.2400000000005,200,0.83255,1063,21.0,282.0,5,177
197,-1342.2440000000004,200,0.8317,1063,11.0,281.0,1,171
198,-1700.4800000000007,200,0.83085,1065,21.0,379.0,7,177
199,-1198.4160000000006,200,0.83,1065,24.0,286.0,6,172
200,-1171.7859999999998,200,0.82915,1068,23.0,277.0,5,173
201,-1502.4719999999993,200,0.8283,1070,18.0,331.0,5,177
202,-1672.6160000000002,200,0.82745,1070,0.0,322.0,0,171
203,-1000.0140000000001,200,0.8266,1070,25.0,246.0,6,178
204,-1121.3880000000001,200,0.82575,1070,30.0,287.0,8,168
205,-1208.5880000000004,200,0.8249,1073,20.0,275.0,4,176
206,-1364.952,200,0.82405,1078,31.0,331.0,8,172
207,-1446.554000000001,200,0.8232,1079,13.0,306.0,2,170
208,-1395.9180000000001,200,0.82235,1079,17.0,308.0,4,182
209,-1270.9860000000006,200,0.8215,1082,15.0,275.0,2,175
210,-1556.1440000000002,200,0.82065,1083,17.0,339.0,6,175
211,-1690.348,200,0.8198,1083,19.0,371.0,5,187
212,-1588.87,200,0.8189500000000001,1084,6.0,320.0,1,175
213,-1148.1580000000004,200,0.8181,1085,16.0,256.0,3,177
214,-1496.8700000000003,200,0.81725,1085,10.0,310.0,2,175
215,-1055.852,200,0.8164,1085,14.0,232.0,4,170
216,-2000.4620000000011,200,0.81555,1085,14.0,420.0,2,178
217,-1863.3519999999996,200,0.8147,1086,17.0,398.0,2,177
218,-1411.674,200,0.81385,1087,0.0,271.0,0,177
219,-1293.9259999999992,200,0.813,1089,17.0,285.0,4,179
220,-1712.082,200,0.81215,1093,0.0,331.0,0,182
221,-1086.0879999999997,200,0.8113,1093,39.0,291.0,6,170
222,-1798.6920000000007,200,0.81045,1093,15.0,382.0,3,172
223,-1847.7020000000002,200,0.8096,1093,9.0,378.0,2,177
224,-1422.9540000000002,200,0.80875,1094,35.0,355.0,8,176
225,-1502.222,200,0.8079000000000001,1099,0.0,290.0,0,164
226,-1266.5079999999996,200,0.80705,1100,11.0,269.0,3,175
227,-1646.648,200,0.8062,1100,24.0,372.0,7,178
228,-1393.2700000000002,200,0.80535,1106,0.0,267.0,0,176
229,-661.0420000000001,200,0.8045,1116,30.0,189.0,5,177
230,-1258.1359999999997,200,0.80365,1117,19.0,282.0,4,170
231,-1172.106,200,0.8028,1117,37.0,310.0,8,172
232,-1337.18,200,0.8019499999999999,1120,19.0,299.0,4,178
233,-1196.8800000000006,200,0.8011,1120,37.0,312.0,7,176
234,-1289.5839999999998,200,0.80025,1123,14.0,278.0,4,170
235,-1804.632,200,0.7994,1123,2.0,355.0,1,181
236,-1643.1619999999987,200,0.79855,1124,0.0,317.0,0,174
237,-1388.4520000000002,200,0.7977000000000001,1125,20.0,312.0,5,164
238,-1221.6779999999997,200,0.7968500000000001,1128,20.0,279.0,5,180
239,-1322.1599999999996,200,0.796,1134,17.0,292.0,5,175
240,-1614.6879999999992,200,0.79515,1134,3.0,318.0,1,178
241,-1860.404000000001,200,0.7943,1134,2.0,366.0,1,182
242,-1244.2019999999995,200,0.79345,1140,28.0,299.0,4,178
243,-1409.4799999999993,200,0.7926,1140,15.0,304.0,2,161
244,-1583.7779999999996,200,0.79175,1140,21.0,352.0,4,170
245,-1460.8459999999995,200,0.7909,1140,20.0,326.0,4,173
246,-831.1000000000004,200,0.79005,1143,26.0,214.0,6,167
247,-1468.0759999999993,200,0.7892,1145,0.0,282.0,0,181
248,-930.5799999999999,200,0.78835,1145,28.0,240.0,7,176
249,-1330.4539999999997,200,0.7875,1146,33.0,328.0,5,165
250,-1781.8299999999992,200,0.7866500000000001,1146,0.0,346.0,0,168
251,-1177.6019999999999,200,0.7858,1146,18.0,266.0,4,168
252,-1093.1540000000002,200,0.78495,1148,22.0,255.0,3,174
253,-1378.9340000000002,200,0.7841,1152,14.0,297.0,5,172
254,-1434.3899999999996,200,0.78325,1152,14.0,308.0,3,167
255,-1744.0360000000003,200,0.7824,1152,17.0,378.0,3,173
256,-1401.444,200,0.78155,1153,31.0,338.0,6,172
257,-1300.7420000000004,200,0.7807,1153,7.0,264.0,2,179
258,-1470.9,200,0.7798499999999999,1155,26.0,343.0,4,174
259,-1127.9979999999998,200,0.779,1159,20.0,260.0,5,163
260,-1318.4819999999993,200,0.77815,1160,5.0,263.0,1,172
261,-1265.1860000000006,200,0.7773,1163,14.0,273.0,2,173
262,-1245.476,200,0.77645,1165,0.0,239.0,0,175
263,-1500.8380000000002,200,0.7756,1168,5.0,300.0,1,171
264,-1818.269999999999,200,0.77475,1169,0.0,354.0,0,170
265,-959.0120000000001,200,0.7739,1170,24.0,236.0,5,171
266,-1469.5359999999994,200,0.77305,1171,0.0,282.0,0,182
267,-1292.7720000000004,200,0.7722,1171,39.0,335.0,6,179
268,-1248.4260000000002,200,0.77135,1172,39.0,329.0,11,166
269,-1373.4699999999998,200,0.7705,1172,16.0,302.0,5,171
270,-1722.382,200,0.76965,1174,0.0,333.0,0,182
271,-1230.0019999999997,200,0.7687999999999999,1174,17.0,274.0,5,162
272,-756.032,200,0.76795,1178,55.0,270.0,13,166
273,-1070.56,200,0.7671,1185,27.0,264.0,5,176
274,-986.4659999999998,200,0.76625,1189,29.0,248.0,8,174
275,-1334.066,200,0.7654,1190,9.0,276.0,2,176
276,-1723.586000000001,200,0.76455,1191,0.0,334.0,0,174
277,-1578.6139999999998,200,0.7637,1192,28.0,366.0,5,172
278,-1786.1159999999998,200,0.76285,1192,0.0,346.0,0,176
279,-1455.3419999999996,200,0.762,1195,4.0,289.0,1,170
280,-1511.5579999999998,200,0.76115,1195,23.0,343.0,5,168
281,-964.9179999999994,200,0.7603,1196,37.0,266.0,7,168
282,-1574.8860000000004,200,0.7594500000000001,1197,14.0,334.0,4,168
283,-1470.5480000000002,200,0.7586,1199,3.0,290.0,1,170
284,-1284.254,200,0.75775,1199,15.0,278.0,2,165
285,-1431.258,200,0.7569,1202,0.0,276.0,0,168
286,-1298.8439999999996,200,0.75605,1202,0.0,250.0,0,180
287,-1262.8719999999996,200,0.7552000000000001,1203,0.0,243.0,0,169
288,-1587.7120000000002,200,0.7543500000000001,1204,23.0,357.0,3,172
289,-1634.7480000000003,200,0.7535000000000001,1204,5.0,327.0,1,174
290,-844.3020000000002,200,0.75265,1211,16.0,194.0,4,175
291,-1854.2720000000004,200,0.7518,1211,3.0,367.0,1,166
292,-1629.7679999999998,200,0.75095,1211,0.0,315.0,0,168
293,-1175.6320000000007,200,0.7501,1211,5.0,236.0,2,173
294,-2066.1640000000007,200,0.74925,1213,0.0,404.0,0,164
295,-1405.171999999999,200,0.7484,1213,0.0,270.0,0,184
296,-1446.3039999999994,200,0.7475499999999999,1214,11.0,302.0,2,182
297,-905.3420000000002,200,0.7467,1215,34.0,251.0,8,167
298,-1443.2779999999993,200,0.74585,1215,13.0,308.0,2,172
299,-1365.4839999999995,200,0.745,1218,6.0,275.0,1,173
300,-1509.0799999999995,200,0.7441500000000001,1219,16.0,327.0,3,171
301,-1439.7300000000005,200,0.7433000000000001,1221,11.0,302.0,2,171
302,-1530.6999999999996,200,0.74245,1221,10.0,316.0,2,171
303,-1598.8520000000008,200,0.7416,1222,14.0,341.0,3,174
304,-999.1660000000003,200,0.74075,1223,38.0,274.0,10,181
305,-1075.2079999999999,200,0.7399,1223,16.0,239.0,3,175
306,-1565.2239999999995,200,0.73905,1223,2.0,307.0,1,170
307,-628.6300000000001,200,0.7382,1228,53.0,238.0,11,173
308,-1308.182,200,0.73735,1228,24.0,306.0,5,175
309,-1453.89,200,0.7364999999999999,1228,0.0,281.0,0,176
310,-1167.4699999999998,200,0.73565,1228,40.0,313.0,8,180
311,-1537.74,200,0.7348,1228,4.0,306.0,1,170
312,-1175.06,200,0.73395,1235,26.0,286.0,5,176
313,-1177.7479999999996,200,0.7331000000000001,1235,24.0,283.0,6,165
314,-1123.8040000000005,200,0.7322500000000001,1235,25.0,273.0,5,183
315,-1531.357999999999,200,0.7314,1235,26.0,355.0,5,163
316,-1472.6679999999992,200,0.73055,1236,12.0,309.0,2,179
317,-1493.6840000000009,200,0.7297,1240,18.0,330.0,6,171
318,-1593.88,200,0.72885,1240,7.0,323.0,1,169
319,-1772.3340000000007,200,0.728,1240,2.0,348.0,1,168
320,-1370.9419999999998,200,0.72715,1242,0.0,263.0,0,167
321,-1414.5919999999999,200,0.7263,1247,21.0,318.0,3,173
322,-1499.7559999999996,200,0.7254499999999999,1248,22.0,340.0,6,172
323,-879.647999999999,200,0.7246,1249,24.0,219.0,7,165
324,-1267.2920000000004,200,0.72375,1253,15.0,275.0,3,167
325,-851.4459999999995,200,0.7229,1253,28.0,222.0,7,170
326,-1349.8079999999998,200,0.72205,1255,21.0,305.0,4,176
327,-1445.6840000000007,200,0.7212000000000001,1256,18.0,318.0,3,173
328,-1472.028,200,0.72035,1256,2.0,288.0,1,156
329,-1602.9840000000006,200,0.7195,1256,9.0,329.0,2,177
330,-942.59,200,0.71865,1256,36.0,260.0,7,174
331,-1335.687999999999,200,0.7178,1256,13.0,284.0,3,171
332,-1540.126,200,0.71695,1256,14.0,330.0,3,177
333,-1635.0980000000004,200,0.7161,1256,18.0,355.0,3,163
334,-1447.648,200,0.7152499999999999,1257,19.0,321.0,4,170
335,-1794.8459999999995,200,0.7143999999999999,1258,16.0,383.0,3,172
336,-1381.0000000000002,200,0.7135499999999999,1258,2.0,270.0,1,179
337,-1146.2939999999996,200,0.7127,1258,2.0,223.0,1,166
338,-1238.6060000000002,200,0.71185,1259,18.0,277.0,5,170
339,-1024.19,200,0.711,1261,22.0,244.0,4,167
340,-1028.1859999999997,200,0.7101500000000001,1261,35.0,275.0,7,172
341,-1178.0040000000004,200,0.7093,1262,0.0,226.0,0,164
342,-1213.2619999999997,200,0.70845,1262,28.0,297.0,6,176
343,-1543.374,200,0.7076,1265,0.0,298.0,0,176
344,-1400.0099999999993,200,0.70675,1265,13.0,299.0,3,183
345,-1814.1420000000012,200,0.7059,1265,0.0,352.0,0,179
346,-1300.5239999999992,200,0.70505,1265,0.0,249.0,0,172
347,-1166.038,200,0.7042,1269,27.0,283.0,7,170
348,-1117.5639999999999,200,0.70335,1270,22.0,261.0,5,165
349,-1487.4960000000005,200,0.7025,1270,28.0,351.0,6,169
350,-1475.432000000001,200,0.7016500000000001,1270,19.0,325.0,3,180
351,-1209.4740000000002,200,0.7008000000000001,1271,26.0,288.0,5,175
352,-1262.732,200,0.6999500000000001,1272,10.0,265.0,2,175
353,-993.6300000000003,200,0.6991,1273,44.0,290.0,10,175
354,-1396.946,200,0.69825,1273,10.0,292.0,4,159
355,-1734.9619999999995,200,0.6974,1273,0.0,336.0,0,169
356,-1435.6999999999994,200,0.69655,1275,26.0,336.0,5,176
357,-1192.6160000000002,200,0.6957,1276,17.0,264.0,4,163
358,-1332.9939999999995,200,0.69485,1276,20.0,299.0,4,167
359,-1065.66,200,0.694,1276,29.0,269.0,6,165
360,-1495.6200000000003,200,0.69315,1277,0.0,288.0,0,166
361,-1414.2040000000002,200,0.6923,1277,29.0,336.0,5,176
362,-1346.6559999999997,200,0.69145,1277,20.0,304.0,5,170
363,-1266.4000000000003,200,0.6906,1278,5.0,254.0,2,175
364,-925.3239999999995,200,0.6897500000000001,1279,28.0,242.0,8,172
365,-1043.996,200,0.6889000000000001,1279,27.0,258.0,6,160
366,-1407.6420000000005,200,0.68805,1279,10.0,293.0,2,171
367,-697.5840000000002,200,0.6872,1279,28.0,192.0,6,174
368,-1532.7960000000005,200,0.68635,1279,12.0,321.0,3,166
369,-1826.8600000000001,200,0.6855,1279,0.0,356.0,0,176
370,-1248.134,200,0.68465,1280,25.0,295.0,4,165
371,-955.4419999999998,200,0.6838,1280,33.0,253.0,6,163
372,-1579.5519999999995,200,0.68295,1280,18.0,347.0,3,179
373,-1325.0079999999998,200,0.6820999999999999,1280,5.0,265.0,1,172
374,-1196.8779999999997,200,0.68125,1284,18.0,268.0,8,180
375,-1510.201999999999,200,0.6804,1284,22.0,342.0,7,178
376,-877.0720000000001,200,0.67955,1284,32.0,238.0,8,170
377,-918.1739999999998,200,0.6787000000000001,1287,36.0,253.0,7,180
378,-1608.7179999999994,200,0.6778500000000001,1287,7.0,326.0,1,178
379,-1605.8359999999998,200,0.677,1287,0.0,310.0,0,169
380,-1908.6939999999995,200,0.67615,1287,7.0,386.0,2,169
381,-1192.7259999999997,200,0.6753,1287,20.0,272.0,4,163
382,-1352.4199999999994,200,0.67445,1287,28.0,324.0,8,174
383,-1183.8319999999999,200,0.6736,1287,22.0,275.0,5,172
384,-1483.6840000000004,200,0.67275,1288,17.0,324.0,2,179
385,-1228.542,200,0.6718999999999999,1288,20.0,278.0,4,172
386,-1483.989999999999,200,0.6710499999999999,1289,8.0,302.0,1,170
387,-1515.5040000000013,200,0.6702,1290,9.0,313.0,3,179
388,-1605.1700000000003,200,0.66935,1290,10.0,332.0,2,175
389,-1938.218,200,0.6685,1300,8.0,395.0,5,180
390,-926.8560000000002,200,0.6676500000000001,1301,25.0,232.0,7,166
391,-1435.8660000000004,200,0.6668000000000001,1302,21.0,323.0,5,187
392,-1903.7659999999994,200,0.66595,1302,0.0,370.0,0,176
393,-1298.1419999999998,200,0.6651,1304,26.0,309.0,5,178
394,-1443.7139999999997,200,0.66425,1304,18.0,318.0,4,178
395,-1235.9839999999997,200,0.6634,1306,15.0,271.0,3,180
396,-1341.6540000000002,200,0.66255,1307,14.0,289.0,3,177
397,-1512.140000000001,200,0.6617,1307,2.0,297.0,1,174
398,-1411.0420000000001,200,0.6608499999999999,1307,20.0,316.0,4,170
399,-1438.3260000000002,200,0.6599999999999999,1308,21.0,326.0,4,171
400,-1416.8140000000005,200,0.65915,1308,0.0,273.0,0,169
401,-1410.2820000000002,200,0.6583,1312,27.0,333.0,5,174
402,-776.5600000000003,200,0.65745,1313,27.0,207.0,13,168
403,-1978.1139999999994,200,0.6566,1314,13.0,414.0,3,182
404,-1351.2660000000003,200,0.65575,1318,27.0,319.0,6,163
405,-1711.9440000000002,200,0.6549,1319,3.0,338.0,1,165
406,-1254.1619999999996,200,0.65405,1319,15.0,273.0,3,166
407,-691.4899999999999,200,0.6532,1319,40.0,220.0,8,155
408,-1746.6019999999992,200,0.65235,1319,6.0,351.0,1,163
409,-1225.0279999999998,200,0.6515,1321,28.0,297.0,4,163
410,-1642.7239999999995,200,0.65065,1321,15.0,352.0,3,178
411,-1440.6740000000002,200,0.6498,1321,26.0,336.0,6,162
412,-982.4659999999999,200,0.64895,1321,10.0,210.0,3,174
413,-1610.238,200,0.6481,1321,5.0,321.0,1,173
414,-1192.422,200,0.6472500000000001,1322,36.0,307.0,6,172
415,-888.4740000000002,200,0.6464000000000001,1328,32.0,242.0,9,165
416,-969.5640000000006,200,0.6455500000000001,1328,30.0,251.0,6,158
417,-1235.556,200,0.6447,1329,35.0,320.0,7,178
418,-1077.68,200,0.64385,1329,23.0,257.0,5,170
419,-980.2,200,0.643,1330,17.0,222.0,3,167
420,-1797.8620000000003,200,0.64215,1330,10.0,371.0,2,176
421,-1776.9839999999995,200,0.6413,1343,11.0,370.0,2,170
422,-1425.0919999999999,200,0.64045,1344,24.0,327.0,5,166
423,-1703.3059999999994,200,0.6396,1344,26.0,389.0,6,181
424,-1230.7259999999997,200,0.63875,1344,16.0,271.0,2,167
425,-1233.6779999999997,200,0.6379,1349,14.0,267.0,3,170
426,-1406.9520000000002,200,0.63705,1351,17.0,308.0,3,181
427,-2224.070000000001,200,0.6362000000000001,1351,0.0,434.0,0,179
428,-1548.8919999999996,200,0.6353500000000001,1351,20.0,348.0,4,180
429,-1533.1719999999996,200,0.6345000000000001,1351,0.0,295.0,0,184
430,-1257.6180000000006,200,0.63365,1357,10.0,264.0,3,164
431,-1632.7980000000002,200,0.6328,1357,7.0,331.0,1,177
432,-1015.676,200,0.63195,1357,23.0,244.0,6,181
433,-1390.7399999999998,200,0.6311,1357,15.0,300.0,3,181
434,-1915.3379999999997,200,0.63025,1357,13.0,402.0,3,177
435,-819.6039999999996,200,0.6294,1358,33.0,226.0,4,184
436,-1727.6060000000014,200,0.6285499999999999,1358,9.0,353.0,1,184
437,-1019.6300000000003,200,0.6277,1358,15.0,226.0,3,169
438,-1198.1439999999996,200,0.62685,1358,22.0,277.0,4,175
439,-1835.278,200,0.626,1361,0.0,356.0,0,169
440,-1975.4,200,0.62515,1361,19.0,427.0,5,177
441,-1340.4700000000003,200,0.6243000000000001,1363,36.0,336.0,8,169
442,-1738.9719999999995,200,0.6234500000000001,1363,11.0,361.0,3,179
443,-1397.888,200,0.6226,1364,28.0,335.0,7,167
444,-1813.0199999999986,200,0.62175,1365,0.0,352.0,0,162
445,-1575.4040000000005,200,0.6209,1365,0.0,303.0,0,167
446,-878.4579999999995,200,0.62005,1367,41.0,254.0,7,171
447,-1538.0539999999996,200,0.6192,1367,7.0,312.0,1,177
448,-1820.83,200,0.61835,1368,8.0,371.0,3,171
449,-1333.3040000000005,200,0.6174999999999999,1368,25.0,311.0,5,180
450,-1156.4279999999999,200,0.6166499999999999,1368,36.0,305.0,9,180
451,-1198.4279999999997,200,0.6158,1368,22.0,279.0,4,170
452,-1723.1960000000001,200,0.61495,1368,23.0,385.0,5,175
453,-1157.184,200,0.6141,1368,20.0,266.0,5,169
454,-1228.1820000000007,200,0.6132500000000001,1369,20.0,281.0,5,177
455,-1020.8560000000003,200,0.6124,1370,42.0,292.0,8,169
456,-877.454,200,0.61155,1370,47.0,273.0,11,179
457,-1418.2419999999997,200,0.6107,1371,13.0,303.0,3,176
458,-1114.6939999999997,200,0.60985,1371,26.0,270.0,6,167
459,-1549.0119999999997,200,0.609,1372,29.0,367.0,6,164
460,-694.1140000000001,200,0.60815,1372,67.0,278.0,15,173
461,-1191.752,200,0.6073,1373,17.0,264.0,4,166
462,-967.2439999999999,200,0.6064499999999999,1377,32.0,253.0,7,177
463,-948.3999999999997,200,0.6055999999999999,1383,33.0,253.0,12,181
464,-806.6460000000002,200,0.60475,1385,26.0,212.0,6,169
465,-1155.746,200,0.6039,1387,12.0,246.0,1,176
466,-1015.96,200,0.60305,1391,21.0,239.0,6,170
467,-1098.5539999999996,200,0.6022000000000001,1391,36.0,291.0,9,183
468,-982.064,200,0.60135,1393,28.0,249.0,6,170
469,-1070.128,200,0.6005,1394,38.0,288.0,8,168
470,-1098.87,200,0.59965,1394,7.0,223.0,2,157
471,-741.3479999999996,200,0.5988,1394,68.0,291.0,14,176
472,-1230.2179999999998,200,0.59795,1398,28.0,297.0,8,170
473,-1148.9660000000006,200,0.5971,1398,22.0,268.0,4,173
474,-1139.4899999999998,200,0.59625,1398,40.0,310.0,8,171
475,-1047.0980000000002,200,0.5954,1399,29.0,268.0,8,168
476,-1847.162,200,0.59455,1399,10.0,381.0,2,171
477,-1366.4000000000003,200,0.5937,1399,26.0,323.0,6,174
478,-857.0680000000001,200,0.5928500000000001,1399,41.0,255.0,8,171
479,-1321.3560000000002,200,0.5920000000000001,1400,26.0,313.0,5,166
480,-1456.2219999999995,200,0.5911500000000001,1400,12.0,307.0,2,175
481,-1372.9939999999995,200,0.5903,1401,16.0,299.0,3,179
482,-1174.4019999999998,200,0.58945,1401,34.0,300.0,6,175
483,-780.9500000000004,200,0.5886,1401,29.0,213.0,6,173
484,-1090.2020000000002,200,0.58775,1401,31.0,278.0,9,172
485,-1288.48,200,0.5869,1403,27.0,308.0,5,168
486,-1400.77,200,0.58605,1403,12.0,295.0,3,163
487,-1510.2740000000001,200,0.5851999999999999,1405,40.0,380.0,8,172
488,-1141.776,200,0.58435,1405,36.0,299.0,6,167
489,-1306.0339999999997,200,0.5835,1405,36.0,335.0,8,166
490,-1387.626,200,0.58265,1406,28.0,330.0,6,186
491,-1062.624,200,0.5818000000000001,1407,27.0,264.0,7,160
492,-1376.6139999999998,200,0.5809500000000001,1408,26.0,322.0,4,170
493,-980.476,200,0.5801000000000001,1408,27.0,245.0,7,168
494,-1132.8400000000001,200,0.57925,1409,38.0,298.0,6,172
495,-961.9520000000001,200,0.5784,1410,28.0,246.0,5,177
496,-1704.6080000000006,200,0.57755,1410,27.0,389.0,4,159
497,-1963.0479999999986,200,0.5767,1410,8.0,398.0,1,170
498,-977.662,200,0.57585,1410,31.0,253.0,7,168
499,-1186.922,200,0.575,1411,8.0,244.0,2,165
500,-1165.117999999999,200,0.5741499999999999,1417,12.0,248.0,7,168
501,-1271.2260000000003,200,0.5733,1418,19.0,287.0,5,179
502,-1107.4859999999996,200,0.57245,1418,41.0,302.0,7,170
503,-1245.4160000000004,200,0.5716,1418,21.0,288.0,5,174
504,-1335.514,200,0.5707500000000001,1421,22.0,307.0,6,169
505,-1489.3500000000001,200,0.5699000000000001,1421,10.0,310.0,2,165
506,-1782.4199999999996,200,0.5690500000000001,1421,12.0,373.0,2,178
507,-1658.0379999999998,200,0.5682,1424,9.0,340.0,2,173
508,-1664.4400000000003,200,0.56735,1427,28.0,385.0,5,176
509,-1606.598,200,0.5665,1429,11.0,335.0,4,156
510,-1233.5020000000002,200,0.56565,1430,20.0,282.0,5,164
511,-1200.5760000000002,200,0.5648,1430,15.0,266.0,4,181
512,-2034.3039999999996,200,0.56395,1430,0.0,397.0,0,169
513,-2143.2719999999995,200,0.5630999999999999,1432,3.0,425.0,1,178
514,-1250.006,200,0.56225,1432,21.0,284.0,3,171
515,-1279.0660000000003,200,0.5614,1432,21.0,292.0,5,170
516,-853.7320000000001,200,0.56055,1432,33.0,233.0,6,172
517,-1704.0079999999996,200,0.5597,1435,6.0,342.0,1,162
518,-1655.2339999999992,200,0.5588500000000001,1435,10.0,343.0,2,165
519,-1175.0039999999995,200,0.558,1435,11.0,248.0,2,162
520,-1533.6300000000015,200,0.55715,1435,20.0,344.0,6,176
521,-1375.5280000000002,200,0.5563,1435,5.0,275.0,1,172
522,-1743.872,200,0.55545,1435,19.0,381.0,5,177
523,-1904.9540000000002,200,0.5546,1435,10.0,391.0,1,153
524,-673.6420000000003,200,0.55375,1435,39.0,214.0,7,171
525,-859.372,200,0.5529,1435,39.0,252.0,8,176
526,-1023.014,200,0.5520499999999999,1438,29.0,258.0,7,178
527,-1185.5860000000007,200,0.5511999999999999,1444,22.0,275.0,6,164
528,-1069.6680000000001,200,0.55035,1445,26.0,262.0,7,186
529,-1201.214,200,0.5495,1445,12.0,258.0,4,178
530,-1281.6040000000005,200,0.54865,1447,35.0,326.0,9,172
531,-1068.054,200,0.5478000000000001,1448,44.0,304.0,11,172
532,-1495.8160000000003,200,0.54695,1448,24.0,344.0,5,171
533,-1617.522,200,0.5461,1449,17.0,350.0,8,173
534,-1383.7599999999993,200,0.54525,1449,12.0,294.0,3,168
535,-1308.344,200,0.5444,1449,32.0,325.0,8,174
536,-1184.7959999999996,200,0.54355,1450,29.0,293.0,5,178
537,-1225.0779999999997,200,0.5427,1450,24.0,286.0,4,170
538,-1496.9199999999996,200,0.5418499999999999,1450,16.0,322.0,2,168
539,-1526.6439999999998,200,0.5409999999999999,1450,16.0,330.0,7,169
540,-1280.4540000000006,200,0.5401499999999999,1452,22.0,293.0,6,176
541,-1212.9119999999996,200,0.5393,1454,24.0,284.0,6,175
542,-971.0320000000002,200,0.53845,1456,44.0,281.0,12,167
543,-884.258,200,0.5376,1456,34.0,241.0,10,168
544,-714.0559999999999,200,0.5367500000000001,1457,40.0,225.0,8,178
545,-1054.6879999999992,200,0.5359,1458,17.0,239.0,3,178
546,-829.154,200,0.53505,1460,41.0,248.0,9,175
547,-1845.3839999999993,200,0.5342,1460,0.0,357.0,0,176
548,-1613.9219999999996,200,0.53335,1460,0.0,313.0,0,169
549,-946.6960000000003,200,0.5325,1460,25.0,235.0,5,152
550,-1057.6240000000003,200,0.53165,1462,43.0,294.0,10,152
551,-1215.242,200,0.5307999999999999,1463,34.0,308.0,9,168
552,-1550.0060000000003,200,0.5299499999999999,1463,32.0,374.0,6,177
553,-1177.9879999999996,200,0.5290999999999999,1463,32.0,298.0,9,172
554,-311.9060000000002,200,0.52825,1464,73.0,220.0,22,174
555,-1301.058,200,0.5274,1468,32.0,323.0,13,166
556,-1448.8680000000002,200,0.52655,1469,39.0,366.0,9,170
557,-1310.3060000000003,200,0.5257,1469,15.0,283.0,2,157
558,-1081.0319999999995,200,0.52485,1469,32.0,278.0,14,163
559,-1036.672,200,0.524,1471,34.0,271.0,17,164
560,-1001.2180000000001,200,0.52315,1471,37.0,274.0,12,171
561,-1518.2060000000001,200,0.5223,1473,18.0,335.0,6,145
562,-1673.1220000000003,200,0.5214500000000001,1474,14.0,356.0,7,162
563,-935.844,200,0.5206000000000001,1474,37.0,261.0,10,174
564,-1353.49,200,0.51975,1474,12.0,286.0,10,167
565,-1321.4179999999994,200,0.5189000000000001,1474,18.0,297.0,4,170
566,-817.0459999999999,200,0.5180500000000001,1474,47.0,264.0,10,167
567,-1300.8660000000002,200,0.5172000000000001,1474,27.0,311.0,7,166
568,-1269.49,200,0.5163500000000001,1474,28.0,305.0,6,169
569,-1213.1979999999999,200,0.5155000000000001,1474,20.0,277.0,4,158
570,-1032.86,200,0.51465,1477,17.0,235.0,5,175
571,-929.792,200,0.5138,1479,12.0,201.0,3,171
572,-1116.924,200,0.51295,1479,50.0,325.0,13,174
573,-850.3799999999999,200,0.5121,1480,44.0,258.0,10,159
574,-1351.2979999999993,200,0.51125,1480,26.0,318.0,4,163
575,-1246.164,200,0.5104000000000001,1480,20.0,283.0,6,177
576,-866.33,200,0.5095500000000001,1480,49.0,274.0,12,165
577,-1146.4919999999995,200,0.5087,1480,30.0,285.0,6,172
578,-1380.456,200,0.50785,1480,33.0,337.0,6,180
579,-839.1900000000005,200,0.5070000000000001,1480,28.0,221.0,12,169
580,-1450.1840000000007,200,0.5061500000000001,1480,20.0,323.0,5,168
581,-1245.0940000000005,200,0.5053000000000001,1480,28.0,299.0,5,185
582,-1142.6500000000003,200,0.5044500000000001,1480,38.0,300.0,5,171
583,-1000.4620000000001,200,0.5036,1480,31.0,261.0,7,170
584,-1606.994000000001,200,0.50275,1483,9.0,331.0,2,173
585,-1764.6120000000005,200,0.5019,1484,1.0,343.0,1,176
586,-1000.4279999999998,200,0.50105,1485,37.0,272.0,7,171
587,-1486.4160000000006,200,0.5002,1486,25.0,345.0,15,169
588,-1037.2220000000004,200,0.49935000000000007,1486,31.0,261.0,6,166
589,-1197.1979999999992,200,0.49850000000000005,1486,26.0,288.0,7,160
590,-1386.8899999999999,200,0.49765000000000004,1487,17.0,304.0,3,171
591,-1320.0080000000005,200,0.4968,1487,0.0,254.0,0,159
592,-1470.1139999999994,200,0.49595,1487,16.0,318.0,3,170
593,-1003.2840000000003,200,0.4951,1489,16.0,225.0,3,173
594,-1451.137999999999,200,0.4942500000000001,1489,22.0,330.0,5,166
595,-1715.105999999999,200,0.49340000000000006,1489,19.0,375.0,4,172
596,-1393.7959999999994,200,0.49255000000000004,1489,23.0,321.0,5,167
597,-1371.4999999999993,200,0.4917,1493,15.0,299.0,8,162
598,-922.3620000000001,200,0.49085,1493,32.0,247.0,7,162
599,-1248.0399999999993,200,0.49,1493,0.0,239.0,0,155
600,-1840.0040000000006,200,0.4891500000000001,1493,26.0,414.0,8,168
601,-1025.378,200,0.48830000000000007,1494,20.0,241.0,4,152
602,-1280.2920000000001,200,0.48745000000000005,1494,31.0,313.0,6,172
603,-1340.1959999999997,200,0.48660000000000003,1494,14.0,288.0,3,168
604,-1402.5780000000004,200,0.48575,1494,0.0,270.0,0,162
605,-2011.4579999999992,200,0.4849,1494,10.0,412.0,2,175
606,-1196.71,200,0.48405,1499,43.0,328.0,9,168
607,-1685.0479999999998,200,0.4832000000000001,1500,23.0,376.0,5,188
608,-1491.784,200,0.48235000000000006,1501,14.0,318.0,3,176
609,-1432.3300000000002,200,0.48150000000000004,1501,10.0,300.0,4,174
610,-1332.3179999999998,200,0.48065,1501,20.0,302.0,5,159
611,-1842.3960000000004,200,0.4798,1502,0.0,359.0,0,159
612,-1329.5640000000005,200,0.47895,1502,34.0,329.0,7,166
613,-1192.182,200,0.47809999999999997,1503,26.0,285.0,5,175
614,-1306.888,200,0.47725000000000006,1505,28.0,315.0,5,171
615,-1101.1960000000004,200,0.47640000000000005,1505,30.0,279.0,6,172
616,-1151.5379999999996,200,0.47555000000000003,1505,22.0,267.0,4,182
617,-1304.9960000000008,200,0.4747,1505,38.0,336.0,6,168
618,-1725.5,200,0.47385,1506,11.0,358.0,2,160
619,-889.1959999999999,200,0.473,1506,43.0,267.0,9,168
620,-1349.938,200,0.47215000000000007,1508,34.0,338.0,7,171
621,-850.6999999999998,200,0.47130000000000005,1509,48.0,267.0,6,168
622,-2011.1439999999998,200,0.47045000000000003,1509,0.0,392.0,0,160
623,-1093.98,200,0.4696,1512,39.0,301.0,9,164
624,-1646.152,200,0.46875,1512,21.0,365.0,4,155
625,-1416.9679999999998,200,0.4679,1512,30.0,340.0,6,164
626,-1205.4060000000004,200,0.46704999999999997,1512,37.0,313.0,11,150
627,-1307.1460000000002,200,0.46620000000000006,1512,24.0,304.0,5,164
628,-1488.6399999999999,200,0.46535000000000004,1512,17.0,324.0,4,167
629,-1293.700000000001,200,0.4645,1512,30.0,314.0,10,179
630,-966.1820000000002,200,0.46365,1514,38.0,267.0,11,164
631,-1104.8,200,0.4628,1515,20.0,255.0,4,166
632,-1458.6919999999998,200,0.46194999999999997,1515,15.0,314.0,6,163
633,-1617.9299999999994,200,0.46109999999999995,1515,21.0,361.0,7,168
634,-1317.606,200,0.46025000000000005,1515,9.0,274.0,3,173
635,-1032.5079999999998,200,0.45940000000000003,1515,21.0,241.0,7,169
636,-1301.1379999999997,200,0.45855,1519,24.0,302.0,4,173
637,-1211.804,200,0.4577,1521,9.0,250.0,1,176
638,-1145.791999999999,200,0.45685,1521,28.0,280.0,12,171
639,-1219.8319999999994,200,0.45599999999999996,1522,53.0,355.0,11,175
640,-1337.4460000000004,200,0.45515000000000005,1522,35.0,336.0,6,160
641,-1507.1120000000008,200,0.45430000000000004,1522,4.0,299.0,1,165
642,-1492.466,200,0.45345,1523,9.0,308.0,2,157
643,-723.7719999999999,200,0.4526,1524,52.0,256.0,12,162
644,-1151.826,200,0.45175,1524,13.0,251.0,3,157
645,-1200.3820000000003,200,0.45089999999999997,1524,9.0,250.0,2,162
646,-1081.07,200,0.45004999999999995,1525,16.0,241.0,3,176
647,-666.2379999999997,200,0.44920000000000004,1526,22.0,173.0,4,157
648,-1592.6940000000009,200,0.44835,1526,8.0,325.0,1,166
649,-1106.526,200,0.4475,1526,3.0,217.0,1,156
650,-1433.1159999999998,200,0.44665,1531,10.0,298.0,2,175
651,-1361.374,200,0.4458,1531,14.0,292.0,4,167
652,-1081.3979999999997,200,0.44494999999999996,1531,23.0,257.0,6,167
653,-1702.8259999999993,200,0.44409999999999994,1531,0.0,331.0,0,144
654,-1580.0539999999996,200,0.44325000000000003,1531,17.0,343.0,3,162
655,-1370.5960000000002,200,0.4424,1531,14.0,297.0,3,157
656,-1233.0259999999998,200,0.44155,1531,22.0,289.0,6,156
657,-1236.9519999999995,200,0.4407,1531,27.0,296.0,11,164
658,-1169.9659999999997,200,0.43984999999999996,1531,27.0,287.0,5,158
659,-1067.1259999999995,200,0.43899999999999995,1531,28.0,267.0,5,168
660,-1027.9839999999997,200,0.43815000000000004,1531,21.0,244.0,9,148
661,-1247.4160000000002,200,0.4373,1532,16.0,277.0,5,151
662,-1128.03,200,0.43645,1533,18.0,256.0,5,170
663,-937.9860000000002,200,0.4356,1533,36.0,259.0,11,167
664,-635.4159999999998,200,0.43474999999999997,1539,47.0,221.0,7,171
665,-1066.3059999999998,200,0.43389999999999995,1539,16.0,237.0,3,161
666,-1405.358,200,0.43304999999999993,1539,5.0,280.0,1,181
667,-1494.5300000000004,200,0.43220000000000003,1540,15.0,321.0,3,161
668,-1200.58,200,0.43135,1541,29.0,297.0,8,159
669,-1452.389999999999,200,0.4305,1541,11.0,305.0,2,162
670,-909.5540000000001,200,0.42965,1542,59.0,308.0,11,157
671,-1399.5840000000003,200,0.42879999999999996,1543,25.0,324.0,4,148
672,-1576.9700000000003,200,0.42794999999999994,1543,12.0,333.0,3,162
673,-1012.568,200,0.4270999999999999,1544,33.0,267.0,7,167
674,-2085.666,200,0.42625,1545,0.0,406.0,0,164
675,-1409.652,200,0.4254,1545,11.0,294.0,3,158
676,-1361.1520000000003,200,0.42455,1545,39.0,351.0,8,171
677,-570.7339999999997,200,0.42369999999999997,1546,60.0,238.0,12,174
678,-1129.7220000000002,200,0.42284999999999995,1546,33.0,288.0,6,178
679,-995.5379999999998,200,0.42199999999999993,1546,39.0,277.0,9,156
680,-668.3340000000002,200,0.42115,1546,35.0,204.0,10,155
681,-1147.5099999999993,200,0.4203,1547,45.0,320.0,10,170
682,-929.4520000000001,200,0.41945,1547,45.0,274.0,12,164
683,-1260.996,200,0.41859999999999997,1550,26.0,301.0,5,170
684,-1045.0819999999999,200,0.41774999999999995,1550,41.0,291.0,9,170
685,-1829.478,200,0.41689999999999994,1553,16.0,391.0,3,165
686,-1629.364,200,0.4160499999999999,1553,18.0,359.0,4,161
687,-1119.4139999999998,200,0.4152,1553,45.0,315.0,10,169
688,-1295.806,200,0.4143500000000001,1554,18.0,287.0,4,173
689,-1028.018,200,0.4135000000000001,1557,37.0,278.0,8,160
690,-1346.1460000000002,200,0.4126500000000001,1558,6.0,271.0,1,168
691,-1369.7459999999994,200,0.41180000000000005,1558,9.0,282.0,2,180
692,-1050.4120000000007,200,0.41095000000000004,1559,35.0,281.0,8,179
693,-1233.2059999999997,200,0.4101,1560,22.0,283.0,4,175
694,-1914.336,200,0.40925,1560,8.0,390.0,2,182
695,-597.5100000000001,200,0.4084000000000001,1563,42.0,201.0,13,175
696,-834.7500000000002,200,0.4075500000000001,1564,49.0,266.0,13,170
697,-1025.534,200,0.40670000000000006,1565,36.0,274.0,7,178
698,-1319.172,200,0.40585000000000004,1565,13.0,282.0,2,168
699,-968.1800000000002,200,0.405,1565,32.0,254.0,12,177
700,-1095.3239999999998,200,0.40415,1566,40.0,296.0,8,174
701,-832.8340000000001,200,0.4033000000000001,1566,38.0,245.0,10,174
702,-898.2000000000002,200,0.4024500000000001,1566,36.0,250.0,6,167
703,-807.8800000000001,200,0.40160000000000007,1568,49.0,261.0,10,168
704,-1106.5240000000001,200,0.40075000000000005,1569,11.0,234.0,3,171
705,-1423.3459999999993,200,0.39990000000000003,1569,23.0,328.0,5,167
706,-946.5320000000002,200,0.39905,1569,46.0,283.0,9,170
707,-1314.1680000000001,200,0.3982,1569,21.0,299.0,6,184
708,-900.054,200,0.3973500000000001,1570,45.0,271.0,15,164
709,-1311.4519999999995,200,0.3965000000000001,1570,22.0,302.0,6,168
710,-1126.6419999999996,200,0.39565000000000006,1573,27.0,275.0,7,168
711,-1065.4180000000001,200,0.39480000000000004,1576,28.0,265.0,12,163
712,-1191.966,200,0.39395,1576,23.0,281.0,5,150
713,-876.8280000000004,200,0.3931,1576,44.0,264.0,12,150
714,-1530.1900000000005,200,0.39225,1577,7.0,311.0,2,168
715,-885.3900000000002,200,0.3914000000000001,1577,33.0,240.0,7,168
716,-1349.3899999999996,200,0.39055000000000006,1578,23.0,312.0,6,172
717,-1032.0479999999998,200,0.38970000000000005,1578,30.0,264.0,9,168
718,-1138.062,200,0.38885000000000003,1578,34.0,294.0,6,152
719,-883.3439999999998,200,0.388,1579,44.0,266.0,11,154
720,-897.1139999999998,200,0.38715,1579,30.0,236.0,5,173
721,-1446.1319999999996,200,0.3863000000000001,1579,29.0,343.0,6,179
722,-1313.8559999999998,200,0.38545000000000007,1580,26.0,312.0,5,151
723,-1729.546,200,0.38460000000000005,1580,15.0,367.0,2,166
724,-743.1360000000004,200,0.38375000000000004,1582,30.0,206.0,5,164
725,-563.7800000000002,200,0.3829,1582,50.0,217.0,10,159
726,-1098.9320000000002,200,0.38205,1583,50.0,328.0,11,170
727,-1339.7439999999992,200,0.3812,1585,16.0,292.0,5,172
728,-1288.6400000000003,200,0.3803500000000001,1587,37.0,328.0,6,176
729,-1217.3339999999998,200,0.37950000000000006,1590,39.0,319.0,9,173
730,-1620.2759999999994,200,0.37865000000000004,1590,29.0,378.0,5,178
731,-1250.0619999999997,200,0.3778,1591,18.0,281.0,5,173
732,-1114.328,200,0.37695,1591,28.0,274.0,7,170
733,-1665.0639999999996,200,0.3761,1591,21.0,371.0,5,167
734,-1125.3680000000002,200,0.37525,1594,10.0,236.0,4,170
735,-1228.4759999999999,200,0.37440000000000007,1594,23.0,288.0,5,160
736,-1392.062,200,0.37355000000000005,1594,7.0,283.0,2,172
737,-887.9519999999994,200,0.37270000000000003,1595,26.0,225.0,4,172
738,-1118.402,200,0.37185,1596,24.0,265.0,4,174
739,-1000.438,200,0.371,1596,42.0,291.0,15,168
740,-995.4980000000002,200,0.37015,1596,37.0,269.0,12,179
741,-1251.9460000000008,200,0.3693000000000001,1597,27.0,299.0,11,177
742,-861.4520000000002,200,0.36845000000000006,1598,38.0,249.0,15,157
743,-980.9080000000007,200,0.36760000000000004,1598,23.0,237.0,8,160
744,-989.0000000000002,200,0.36675,1598,38.0,271.0,16,161
745,-885.3740000000005,200,0.3659,1598,24.0,218.0,4,172
746,-1141.3439999999996,200,0.36505,1598,31.0,289.0,12,175
747,-1239.832,200,0.36419999999999997,1598,14.0,269.0,3,173
748,-1680.5739999999998,200,0.36335000000000006,1599,5.0,336.0,1,179
749,-1572.7079999999996,200,0.36250000000000004,1599,27.0,363.0,4,169
750,-1093.1080000000002,200,0.36165,1601,28.0,271.0,8,174
751,-640.288,200,0.3608,1602,38.0,207.0,9,165
752,-957.2519999999997,200,0.35995,1602,41.0,274.0,7,147
753,-1624.7340000000008,200,0.3591,1603,6.0,327.0,3,156
754,-1090.804,200,0.35825000000000007,1605,50.0,316.0,10,170
755,-1305.9160000000002,200,0.35740000000000005,1605,29.0,318.0,9,156
756,-1632.0540000000003,200,0.35655000000000003,1606,8.0,334.0,2,171
757,-1404.2620000000002,200,0.3557,1606,15.0,303.0,3,152
758,-1585.7059999999988,200,0.35485,1606,9.0,326.0,1,170
759,-1604.4959999999992,200,0.354,1606,10.0,333.0,4,160
760,-1775.706,200,0.35314999999999996,1607,0.0,345.0,0,159
761,-1922.9940000000001,200,0.35230000000000006,1607,27.0,436.0,6,182
762,-1557.4900000000002,200,0.35145000000000004,1610,22.0,349.0,4,176
763,-1581.824,200,0.3506,1610,8.0,323.0,2,172
764,-1395.03,200,0.34975,1611,8.0,286.0,2,176
765,-796.1759999999999,200,0.3489,1611,44.0,250.0,8,152
766,-771.24,200,0.34804999999999997,1612,32.0,217.0,7,169
767,-1740.8080000000002,200,0.34719999999999995,1614,23.0,393.0,6,164
768,-1485.7640000000004,200,0.34635000000000005,1614,23.0,338.0,4,159
769,-926.9759999999999,200,0.34550000000000003,1614,51.0,296.0,11,166
770,-1171.7359999999999,200,0.34465,1614,24.0,277.0,6,174
771,-1349.254,200,0.3438,1614,23.0,310.0,4,177
772,-1044.382,200,0.34295,1614,39.0,287.0,13,175
773,-1471.634,200,0.34209999999999996,1614,19.0,328.0,7,138
774,-812.51,200,0.34125000000000005,1614,23.0,204.0,5,161
775,-1468.0720000000008,200,0.34040000000000004,1614,0.0,283.0,0,175
776,-694.5339999999999,200,0.33955,1614,50.0,242.0,13,177
777,-440.3799999999999,200,0.3387,1616,38.0,162.0,13,171
778,-1704.5479999999998,200,0.33785,1616,32.0,402.0,8,174
779,-1108.35,200,0.33699999999999997,1616,28.0,272.0,8,167
780,-1313.8140000000003,200,0.33614999999999995,1616,19.0,294.0,2,167
781,-1079.6259999999997,200,0.33530000000000004,1616,17.0,243.0,2,167
782,-1053.6119999999999,200,0.33445,1616,14.0,233.0,4,186
783,-693.1500000000004,200,0.3336,1616,49.0,239.0,9,167
784,-1779.6580000000004,200,0.33275,1616,6.0,357.0,1,170
785,-1686.4420000000002,200,0.3319,1616,9.0,346.0,2,169
786,-1219.2600000000002,200,0.33104999999999996,1616,40.0,325.0,10,166
787,-1296.7980000000002,200,0.33019999999999994,1618,10.0,272.0,3,161
788,-904.4539999999998,200,0.32935000000000003,1618,44.0,270.0,9,177
789,-1007.8639999999996,200,0.3285,1618,15.0,225.0,3,145
790,-1013.426,200,0.32765,1618,25.0,246.0,6,176
791,-1111.696,200,0.3268,1618,29.0,278.0,5,160
792,-1135.798,200,0.32594999999999996,1619,40.0,311.0,13,170
793,-1043.936,200,0.32509999999999994,1619,25.0,257.0,9,173
794,-1349.1119999999996,200,0.32425000000000004,1619,21.0,305.0,6,169
795,-1469.9280000000003,200,0.3234,1620,32.0,355.0,8,180
796,-1202.978000000001,200,0.32255,1620,45.0,330.0,10,169
797,-960.9320000000001,200,0.3217,1620,27.0,242.0,6,175
798,-1541.416,200,0.32084999999999997,1620,24.0,350.0,13,159
799,-1562.3899999999999,200,0.31999999999999995,1621,25.0,357.0,6,168
800,-1523.7860000000003,200,0.31914999999999993,1622,10.0,317.0,2,165
801,-1588.7579999999994,200,0.3183,1622,0.0,307.0,0,162
802,-1486.6300000000006,200,0.31745,1622,10.0,309.0,2,165
803,-1766.4119999999994,200,0.3166,1622,17.0,381.0,5,171
804,-1486.3640000000005,200,0.31575,1622,29.0,349.0,5,183
805,-1024.2779999999998,200,0.31489999999999996,1623,45.0,298.0,9,178
806,-1185.5339999999994,200,0.31404999999999994,1623,21.0,275.0,5,170
807,-1228.7119999999998,200,0.3131999999999999,1623,27.0,294.0,6,186
808,-1030.8939999999998,200,0.31235,1625,38.0,282.0,13,186
809,-1053.1359999999997,200,0.3115,1626,35.0,281.0,12,157
810,-1374.1879999999999,200,0.31065,1628,20.0,310.0,3,173
811,-1392.278,200,0.30979999999999996,1628,8.0,285.0,1,160
812,-1791.6220000000003,200,0.30895000000000006,1628,13.0,376.0,4,171
813,-971.9640000000004,200,0.30810000000000004,1628,47.0,292.0,11,164
814,-2147.8380000000006,200,0.30725,1628,8.0,436.0,1,167
815,-1151.3459999999998,200,0.3064000000000001,1628,42.0,316.0,9,162
816,-742.3800000000002,200,0.3055500000000001,1628,42.0,233.0,19,155
817,-698.1259999999996,200,0.3047000000000001,1629,55.0,254.0,9,169
818,-784.4100000000002,200,0.30385000000000006,1630,37.0,230.0,7,156
819,-1026.08,200,0.30300000000000005,1633,26.0,255.0,5,154
820,-604.592,200,0.30215000000000003,1633,48.0,215.0,14,173
821,-741.7339999999997,200,0.3013,1633,32.0,208.0,7,169
822,-1273.6840000000002,200,0.3004500000000001,1633,10.0,267.0,2,150
823,-836.3720000000003,200,0.2996000000000001,1633,46.0,266.0,11,170
824,-1323.9920000000002,200,0.29875000000000007,1633,11.0,279.0,2,156
825,-848.0840000000003,200,0.29790000000000005,1633,45.0,261.0,10,163
826,-1405.506,200,0.29705000000000004,1633,16.0,306.0,3,152
827,-1141.0140000000001,200,0.2962,1633,34.0,293.0,12,165
828,-1410.9499999999998,200,0.29535,1637,17.0,310.0,3,151
829,-1115.8319999999997,200,0.2945000000000001,1637,24.0,267.0,11,159
830,-837.8599999999996,200,0.2936500000000001,1637,28.0,219.0,12,156
831,-1323.8780000000004,200,0.29280000000000006,1637,24.0,310.0,5,173
832,-1015.8400000000001,200,0.29195000000000004,1637,24.0,245.0,4,164
833,-1486.5240000000003,200,0.2911,1637,47.0,393.0,9,164
834,-878.9179999999999,200,0.29025,1637,39.0,253.0,11,167
835,-1173.0239999999997,200,0.2894000000000001,1641,30.0,292.0,5,156
836,-1602.598,200,0.2885500000000001,1641,16.0,348.0,4,143
837,-708.7840000000006,200,0.28770000000000007,1641,44.0,236.0,12,153
838,-1482.6360000000004,200,0.28685000000000005,1641,10.0,308.0,2,135
839,-691.4360000000004,200,0.28600000000000003,1642,38.0,214.0,16,156
840,-1076.7240000000004,200,0.28515,1642,31.0,273.0,10,157
841,-827.3480000000002,200,0.2843,1643,34.0,229.0,14,180
842,-987.7260000000001,200,0.2834500000000001,1643,48.0,296.0,8,165
843,-911.4619999999998,200,0.2826000000000001,1645,39.0,253.0,21,176
844,-1225.706,200,0.28175000000000006,1645,33.0,304.0,12,158
845,-767.4499999999999,200,0.28090000000000004,1645,53.0,256.0,12,166
846,-574.0360000000003,200,0.28005,1645,55.0,227.0,20,168
847,-1341.7140000000006,200,0.2792,1645,27.0,316.0,12,170
848,-921.2020000000002,200,0.27835,1648,53.0,291.0,10,158
849,-935.0660000000003,200,0.2775000000000001,1648,57.0,304.0,12,168
850,-760.0299999999999,200,0.27665000000000006,1648,40.0,233.0,18,167
851,-1072.1580000000006,200,0.27580000000000005,1648,35.0,280.0,7,176
852,-1549.3239999999996,200,0.27495,1648,17.0,336.0,3,169
853,-1071.79,200,0.2741,1648,26.0,262.0,15,152
854,-876.3820000000001,200,0.27325,1649,51.0,277.0,11,168
855,-1215.1579999999994,200,0.2724000000000001,1649,39.0,319.0,10,161
856,-931.588,200,0.27155000000000007,1654,51.0,290.0,13,167
857,-1473.924,200,0.27070000000000005,1654,19.0,328.0,8,173
858,-962.4120000000001,200,0.26985000000000003,1654,23.0,232.0,11,153
859,-735.4279999999999,200,0.269,1654,33.0,210.0,21,172
860,-1732.4139999999998,200,0.26815,1654,30.0,401.0,10,170
861,-1613.7719999999995,200,0.2673,1654,10.0,335.0,2,145
862,-722.9919999999998,200,0.2664500000000001,1655,59.0,267.0,12,144
863,-1139.9419999999998,200,0.26560000000000006,1655,26.0,274.0,8,153
864,-1342.6680000000003,200,0.26475000000000004,1655,27.0,321.0,6,170
865,-1542.5140000000004,200,0.2639,1655,26.0,355.0,7,146
866,-1271.2480000000003,200,0.26305,1655,18.0,285.0,3,153
867,-1355.716000000001,200,0.2622,1656,24.0,313.0,3,135
868,-1117.2359999999999,200,0.26134999999999997,1656,21.0,260.0,5,118
869,-1971.2040000000004,200,0.26050000000000006,1656,30.0,453.0,8,150
870,-882.84,200,0.25965000000000005,1656,43.0,263.0,7,158
871,-632.6520000000006,200,0.25880000000000003,1658,37.0,199.0,7,161
872,-1591.2219999999995,200,0.25795,1662,13.0,336.0,3,157
873,-850.3,200,0.2571,1662,32.0,230.0,5,165
874,-992.4040000000003,200,0.25625,1662,22.0,237.0,4,152
875,-1106.3140000000003,200,0.25540000000000007,1663,26.0,269.0,6,153
876,-767.4879999999995,200,0.25455000000000005,1663,51.0,259.0,11,166
877,-1183.328,200,0.25370000000000004,1665,33.0,303.0,11,153
878,-1027.6819999999998,200,0.25285,1666,0.0,196.0,0,134
879,-1541.0919999999996,200,0.252,1666,17.0,338.0,4,158
880,-1243.5880000000004,200,0.25115,1667,12.0,267.0,3,154
881,-1129.5140000000001,200,0.25029999999999997,1667,27.0,278.0,6,161
882,-930.2539999999997,200,0.24945000000000006,1667,65.0,326.0,13,152
883,-680.9580000000001,200,0.24860000000000004,1668,39.0,210.0,7,149
884,-781.7159999999994,200,0.24775000000000003,1668,41.0,242.0,9,164
885,-227.0240000000001,200,0.2469,1676,63.0,174.0,16,151
886,-1079.0400000000004,200,0.24605,1676,34.0,285.0,13,158
887,-1075.4739999999997,200,0.24519999999999997,1677,20.0,256.0,5,140
888,-1798.1819999999996,200,0.24434999999999996,1677,9.0,368.0,1,155
889,-1452.1280000000008,200,0.24350000000000005,1678,19.0,323.0,4,140
890,-1039.4479999999999,200,0.24265000000000003,1679,11.0,223.0,3,128
891,-1449.4520000000002,200,0.24180000000000001,1679,24.0,333.0,5,164
892,-1565.9940000000001,200,0.24095,1680,14.0,336.0,3,168
893,-1391.2499999999993,200,0.24009999999999998,1680,24.0,320.0,4,169
894,-588.5300000000004,200,0.23924999999999996,1680,62.0,244.0,14,171
895,-575.6360000000002,200,0.23840000000000006,1685,50.0,218.0,14,151
896,-730.0679999999999,200,0.23755000000000004,1687,36.0,215.0,16,163
897,-379.8219999999999,200,0.23670000000000002,1687,50.0,176.0,23,156
898,-839.8759999999996,200,0.23585,1687,42.0,253.0,9,166
899,-921.2740000000002,200,0.235,1687,36.0,254.0,7,169
900,-695.8899999999999,200,0.23414999999999997,1687,77.0,302.0,17,178
901,-930.894,200,0.23329999999999995,1687,40.0,268.0,10,155
902,-710.2039999999996,200,0.23245000000000005,1687,57.0,258.0,18,168
903,-859.2099999999999,200,0.23160000000000003,1687,47.0,267.0,16,166
904,-1447.8500000000001,200,0.23075,1687,23.0,330.0,4,169
905,-1114.0239999999997,200,0.2299,1688,5.0,222.0,1,158
906,-1565.9140000000007,200,0.22904999999999998,1688,23.0,356.0,6,172
907,-1378.9059999999995,200,0.22819999999999996,1689,18.0,306.0,4,157
908,-768.4160000000003,200,0.22734999999999994,1693,51.0,255.0,9,163
909,-597.912,200,0.22650000000000003,1693,51.0,223.0,11,163
910,-478.72799999999984,200,0.22565000000000002,1693,45.0,191.0,12,169
911,-1175.6540000000002,200,0.2248,1693,33.0,298.0,8,154
912,-836.8199999999998,200,0.22394999999999998,1693,34.0,234.0,10,156
913,-1580.8899999999994,200,0.22309999999999997,1694,31.0,373.0,5,154
914,-1384.1080000000002,200,0.22224999999999995,1694,30.0,333.0,6,156
915,-1321.55,200,0.22140000000000004,1695,25.0,311.0,7,144
916,-1515.5700000000006,200,0.22055000000000002,1695,33.0,373.0,7,143
917,-1155.3399999999992,200,0.2197,1699,43.0,324.0,11,155
918,-1278.1919999999996,200,0.21885,1699,37.0,326.0,11,146
919,-1192.0339999999997,200,0.21799999999999997,1699,25.0,289.0,7,162
920,-1365.6599999999992,200,0.21714999999999995,1699,33.0,337.0,10,150
921,-756.2180000000001,200,0.21629999999999994,1699,25.0,197.0,6,152
922,-971.7600000000001,200,0.21545000000000003,1699,45.0,292.0,13,168
923,-1363.786,200,0.2146,1699,26.0,322.0,8,155
924,-603.9719999999999,200,0.21375,1699,59.0,241.0,12,151
925,-876.6760000000005,200,0.21289999999999998,1700,50.0,276.0,12,148
926,-1021.4180000000002,200,0.21204999999999996,1700,43.0,288.0,9,142
927,-1361.3519999999999,200,0.21119999999999994,1700,24.0,315.0,6,158
928,-1095.9200000000003,200,0.21034999999999993,1700,26.0,268.0,6,159
929,-1141.6960000000004,200,0.20950000000000002,1700,29.0,284.0,8,176
930,-1427.9039999999998,200,0.20865,1700,15.0,308.0,4,170
931,-1649.1360000000002,200,0.20779999999999998,1700,9.0,339.0,1,168
932,-1511.6519999999994,200,0.20694999999999997,1702,13.0,324.0,4,178
933,-1070.9199999999998,200,0.20609999999999995,1702,31.0,273.0,6,169
934,-1589.7520000000009,200,0.20524999999999993,1702,21.0,354.0,4,151
935,-1458.0699999999995,200,0.20440000000000003,1703,13.0,308.0,2,147
936,-1186.2759999999998,200,0.20355,1703,32.0,299.0,8,149
937,-839.8820000000002,200,0.2027000000000001,1706,34.0,234.0,8,177
938,-1362.3099999999997,200,0.20185000000000008,1708,23.0,311.0,4,159
939,-1258.1179999999997,200,0.20100000000000007,1709,21.0,287.0,3,152
940,-1127.0599999999995,200,0.20015000000000005,1709,28.0,279.0,9,155
941,-917.0159999999997,200,0.19930000000000003,1709,39.0,262.0,12,170
942,-992.6280000000004,200,0.19845000000000002,1709,29.0,252.0,5,164
943,-1423.6619999999996,200,0.1976000000000001,1709,10.0,295.0,1,167
944,-1346.7519999999997,200,0.1967500000000001,1709,44.0,362.0,9,162
945,-1628.569999999999,200,0.19590000000000007,1709,9.0,335.0,2,134
946,-1275.9399999999998,200,0.19505000000000006,1714,17.0,282.0,3,150
947,-1610.8300000000006,200,0.19420000000000004,1714,7.0,328.0,3,156
948,-1904.7499999999998,200,0.19335000000000002,1715,11.0,395.0,2,173
949,-1210.5640000000008,200,0.1925,1715,35.0,311.0,7,166
950,-1265.9980000000003,200,0.1916500000000001,1715,35.0,322.0,9,170
951,-1178.2659999999998,200,0.19080000000000008,1715,44.0,326.0,9,173
952,-1526.7700000000002,200,0.18995000000000006,1715,12.0,320.0,7,183
953,-1812.6519999999998,200,0.18910000000000005,1715,0.0,352.0,0,175
954,-789.4160000000002,200,0.18825000000000003,1715,37.0,231.0,13,155
955,-1563.2020000000007,200,0.1874,1715,18.0,343.0,3,154
956,-1417.5760000000005,200,0.1865500000000001,1716,16.0,307.0,2,149
957,-819.7819999999999,200,0.1857000000000001,1716,43.0,251.0,10,172
958,-1024.6979999999996,200,0.18485000000000007,1718,63.0,336.0,11,167
959,-939.6800000000001,200,0.18400000000000005,1718,43.0,273.0,8,170
960,-1186.386,200,0.18315000000000003,1718,26.0,287.0,6,140
961,-1221.0619999999997,200,0.18230000000000002,1719,30.0,303.0,7,174
962,-682.186,200,0.18145,1719,69.0,282.0,19,174
963,-913.4700000000001,200,0.1806000000000001,1719,33.0,244.0,9,157
964,-813.8660000000001,200,0.17975000000000008,1719,36.0,230.0,9,143
965,-1299.8899999999999,200,0.17890000000000006,1719,30.0,315.0,13,158
966,-1578.1439999999996,200,0.17805000000000004,1721,20.0,351.0,6,168
967,-1490.7119999999995,200,0.17720000000000002,1721,30.0,355.0,6,123
968,-914.5459999999998,200,0.17635,1722,19.0,213.0,3,135
969,-1062.66,200,0.1755,1722,35.0,281.0,10,149
970,-1074.7199999999998,200,0.17465000000000008,1722,41.0,294.0,13,168
971,-895.1579999999998,200,0.17380000000000007,1725,46.0,272.0,15,170
972,-646.182,200,0.17295000000000005,1726,72.0,287.0,15,171
973,-1418.0699999999993,200,0.17210000000000003,1727,24.0,326.0,4,183
974,-1367.7060000000001,200,0.17125,1728,19.0,310.0,5,179
975,-858.9939999999996,200,0.1704,1733,41.0,253.0,9,165
976,-877.0079999999999,200,0.1695500000000001,1733,38.0,249.0,7,171
977,-1245.7599999999995,200,0.16870000000000007,1733,16.0,274.0,5,175
978,-1371.226,200,0.16785000000000005,1733,7.0,278.0,1,172
979,-1170.4800000000005,200,0.16700000000000004,1733,21.0,270.0,6,166
980,-1432.9459999999988,200,0.16615000000000002,1733,16.0,314.0,3,153
981,-796.964,200,0.1653,1733,35.0,229.0,12,172
982,-756.97,200,0.16444999999999999,1736,28.0,206.0,6,161
983,-1344.1820000000002,200,0.16360000000000008,1736,28.0,320.0,4,162
984,-1500.3159999999996,200,0.16275000000000006,1736,9.0,309.0,1,145
985,-1342.148,200,0.16190000000000004,1736,27.0,316.0,5,168
986,-1167.9900000000007,200,0.16105000000000003,1736,20.0,267.0,4,165
987,-1230.8040000000005,200,0.1602,1736,21.0,285.0,6,168
988,-1235.9620000000002,200,0.15935,1736,34.0,312.0,7,173
989,-1143.884,200,0.15849999999999997,1737,14.0,250.0,3,172
990,-1107.1239999999996,200,0.15765000000000007,1737,21.0,259.0,4,170
991,-1128.68,200,0.15680000000000005,1737,10.0,237.0,2,173
992,-1460.0520000000004,200,0.15595000000000003,1740,9.0,301.0,2,173
993,-887.3059999999996,200,0.15510000000000002,1740,28.0,231.0,5,180
994,-1362.4520000000005,200,0.15425,1740,42.0,356.0,7,174
995,-1140.87,200,0.15339999999999998,1740,29.0,284.0,11,147
996,-1087.0940000000003,200,0.15255000000000007,1740,19.0,250.0,5,147
997,-781.7540000000001,200,0.15170000000000006,1741,42.0,238.0,18,135
998,-660.95,200,0.15085000000000004,1741,58.0,254.0,13,133
999,-1302.0380000000005,200,0.15,1741,42.0,343.0,10,159
1000,-916.1379999999999,200,0.15,1741,44.0,272.0,7,163
1001,-1036.404,200,0.15,1741,34.0,275.0,17,152
1002,-1142.0220000000002,200,0.15,1741,42.0,312.0,10,136
1003,-921.4219999999996,200,0.15,1741,24.0,229.0,6,134
1004,-1361.318,200,0.15,1741,18.0,302.0,4,156
1005,-1014.624,200,0.15,1742,30.0,260.0,7,140
1006,-1280.0499999999997,200,0.15,1743,12.0,272.0,3,158
1007,-425.76800000000003,200,0.15,1746,53.0,198.0,14,156
1008,-800.84,200,0.15,1746,32.0,220.0,13,142
1009,-491.19400000000013,200,0.15,1747,72.0,252.0,15,158
1010,-353.872,200,0.15,1747,42.0,150.0,12,141
1011,-977.3220000000002,200,0.15,1747,33.0,265.0,8,157
1012,-1178.3680000000002,200,0.15,1747,31.0,294.0,5,176
1013,-704.058,200,0.15,1747,65.0,279.0,18,168
1014,-1420.8699999999992,200,0.15,1747,20.0,318.0,5,188
1015,-1210.8860000000002,200,0.15,1748,25.0,288.0,14,157
1016,-1234.78,200,0.15,1748,38.0,320.0,15,166
1017,-1056.0359999999996,200,0.15,1748,29.0,266.0,5,178
1018,-920.0499999999998,200,0.15,1748,32.0,246.0,4,168
1019,-1501.2160000000003,200,0.15,1748,13.0,321.0,4,169
1020,-1392.262,200,0.15,1748,31.0,339.0,5,164
1021,-1547.7140000000004,200,0.15,1748,21.0,346.0,4,162
1022,-1001.1639999999995,200,0.15,1748,32.0,263.0,6,134
1023,-1271.8119999999994,200,0.15,1751,8.0,262.0,2,122
1024,-1281.9119999999996,200,0.15,1751,20.0,291.0,5,140
1025,-1283.4179999999997,200,0.15,1751,35.0,326.0,8,165
1026,-1350.234,200,0.15,1751,19.0,302.0,5,166
1027,-704.7940000000002,200,0.15,1751,34.0,206.0,11,166
1028,-912.178,200,0.15,1752,36.0,251.0,12,178
1029,-953.7660000000002,200,0.15,1754,23.0,232.0,9,149
1030,-434.47600000000006,200,0.15,1754,40.0,166.0,9,161
1031,-1137.9980000000003,200,0.15,1754,39.0,303.0,8,172
1032,-1158.4980000000005,200,0.15,1757,32.0,292.0,8,151
1033,-797.1780000000003,200,0.15,1757,17.0,187.0,4,154
1034,-860.9920000000001,200,0.15,1757,32.0,232.0,9,152
1035,-990.0079999999998,200,0.15,1757,49.0,299.0,13,151
1036,-439.0459999999999,200,0.15,1757,57.0,205.0,14,131
1037,-1166.422,200,0.15,1757,22.0,273.0,6,167
1038,-608.386,200,0.15,1757,60.0,246.0,20,171
1039,-1082.2359999999999,200,0.15,1758,20.0,250.0,8,172
1040,-840.5720000000001,200,0.15,1758,35.0,236.0,7,101
1041,-802.8000000000002,200,0.15,1760,44.0,250.0,14,161
1042,-1283.2099999999996,200,0.15,1763,22.0,294.0,13,140
1043,-890.2960000000002,200,0.15,1766,39.0,255.0,9,148
1044,-869.9680000000001,200,0.15,1766,44.0,261.0,11,139
1045,-1148.3899999999999,200,0.15,1766,35.0,295.0,6,168
1046,-1330.0959999999998,200,0.15,1766,26.0,311.0,8,158
1047,-1064.2300000000005,200,0.15,1766,11.0,226.0,5,176
1048,-1193.6379999999997,200,0.15,1766,14.0,261.0,6,128
1049,-941.2379999999996,200,0.15,1766,23.0,228.0,4,116
1050,-913.122,200,0.15,1767,45.0,271.0,21,145
1051,-877.3799999999999,200,0.15,1767,59.0,298.0,13,131
1052,-1014.3899999999999,200,0.15,1772,43.0,288.0,13,138
1053,-710.8920000000002,200,0.15,1772,57.0,257.0,17,161
1054,-521.432,200,0.15,1772,63.0,232.0,16,157
1055,-673.5200000000002,200,0.15,1772,41.0,216.0,11,163
1056,-849.342,200,0.15,1772,37.0,240.0,15,147
1057,-986.218,200,0.15,1772,29.0,249.0,15,158
1058,-655.3519999999999,200,0.15,1773,41.0,212.0,13,133
1059,-899.07,200,0.15,1773,48.0,276.0,11,142
1060,-1002.9519999999999,200,0.15,1773,46.0,295.0,15,150
1061,-800.1119999999999,200,0.15,1774,45.0,254.0,10,157
1062,-1209.8639999999991,200,0.15,1775,40.0,319.0,12,171
1063,-944.0640000000002,200,0.15,1784,34.0,254.0,9,179
1064,-98.09199999999991,200,0.15,1784,59.0,143.0,15,152
1065,-1361.664,200,0.15,1784,26.0,320.0,7,151
1066,-968.0119999999996,200,0.15,1784,40.0,271.0,19,158
1067,-918.8940000000005,200,0.15,1784,40.0,269.0,9,168
1068,-1353.4539999999997,200,0.15,1784,43.0,356.0,11,170
1069,-969.5039999999997,200,0.15,1784,21.0,231.0,5,148
1070,-999.3979999999998,200,0.15,1784,33.0,263.0,12,176
1071,-830.4300000000002,200,0.15,1784,34.0,230.0,6,153
1072,-671.9539999999997,200,0.15,1784,51.0,238.0,14,151
1073,-700.9720000000002,200,0.15,1786,41.0,220.0,13,166
1074,-1021.2159999999999,200,0.15,1787,54.0,313.0,15,155
1075,-1398.3320000000003,200,0.15,1787,45.0,369.0,12,177
1076,-542.0620000000001,200,0.15,1787,60.0,231.0,13,148
1077,-764.2839999999998,200,0.15,1787,25.0,198.0,10,159
1078,-1981.1919999999993,200,0.15,1787,9.0,404.0,1,166
1079,-1593.6079999999997,200,0.15,1789,11.0,333.0,2,176
1080,-1457.8060000000003,200,0.15,1790,15.0,314.0,4,160
1081,-1154.7540000000006,200,0.15,1790,42.0,317.0,10,157
1082,-1109.05,200,0.15,1790,34.0,288.0,6,153
1083,-1055.886,200,0.15,1790,48.0,308.0,14,124
1084,-821.9259999999997,200,0.15,1792,36.0,230.0,16,174
1085,-1125.3879999999997,200,0.15,1792,40.0,306.0,11,160
1086,-930.3439999999997,200,0.15,1796,26.0,235.0,5,158
1087,-815.5260000000003,200,0.15,1797,29.0,216.0,5,171
1088,-1149.3159999999996,200,0.15,1797,35.0,297.0,10,167
1089,-1203.3459999999998,200,0.15,1797,40.0,318.0,11,158
1090,-866.7040000000001,200,0.15,1798,40.0,252.0,10,158
1091,-1263.9820000000004,200,0.15,1798,30.0,310.0,7,151
1092,-1201.2420000000002,200,0.15,1800,43.0,325.0,10,153
1093,-490.96999999999997,200,0.15,1800,59.0,221.0,15,137
1094,-732.6659999999997,200,0.15,1801,41.0,225.0,14,170
1095,-857.0440000000003,200,0.15,1802,41.0,251.0,14,173
1096,-1056.9460000000001,200,0.15,1804,34.0,277.0,14,162
1097,-1051.9639999999997,200,0.15,1804,48.0,307.0,8,156
1098,-685.5799999999999,200,0.15,1804,47.0,232.0,12,159
1099,-881.4900000000005,200,0.15,1804,39.0,251.0,13,167
1100,-964.966,200,0.15,1804,32.0,254.0,8,167
1101,-1450.8440000000003,200,0.15,1804,26.0,341.0,8,163
1102,-1142.1719999999991,200,0.15,1804,28.0,280.0,9,160
1103,-703.9719999999999,200,0.15,1804,36.0,212.0,8,148
1104,-1181.4120000000003,200,0.15,1804,22.0,274.0,3,161
1105,-468.2039999999998,200,0.15,1804,60.0,220.0,16,175
1106,-1088.078,200,0.15,1804,35.0,285.0,10,165
1107,-1599.524,200,0.15,1804,18.0,350.0,3,161
1108,-760.3420000000001,200,0.15,1804,36.0,220.0,17,172
1109,-1121.8120000000001,200,0.15,1805,30.0,282.0,5,152
1110,-1249.3799999999997,200,0.15,1805,45.0,343.0,11,157
1111,-1197.8159999999998,200,0.15,1805,40.0,321.0,8,173
1112,-935.9499999999996,200,0.15,1805,37.0,261.0,8,149
1113,-1491.2420000000004,200,0.15,1805,24.0,341.0,4,175
1114,-976.1800000000002,200,0.15,1805,38.0,274.0,8,147
1115,-1613.1539999999998,200,0.15,1805,16.0,347.0,4,150
1116,-821.4039999999999,200,0.15,1805,32.0,222.0,10,146
1117,-1032.678,200,0.15,1805,35.0,274.0,6,128
1118,-1339.4100000000003,200,0.15,1807,19.0,299.0,4,149
1119,-1270.5400000000004,200,0.15,1807,25.0,299.0,4,173
1120,-1406.0859999999998,200,0.15,1807,21.0,317.0,4,170
1121,-540.75,200,0.15,1807,50.0,209.0,12,164
1122,-1370.3680000000004,200,0.15,1807,17.0,303.0,5,148
1123,-887.2139999999999,200,0.15,1807,31.0,237.0,9,161
1124,-839.696,200,0.15,1807,32.0,230.0,8,163
1125,-1016.4339999999999,200,0.15,1811,50.0,306.0,11,170
1126,-1238.8899999999992,200,0.15,1811,17.0,276.0,3,167
1127,-655.5939999999996,200,0.15,1811,44.0,219.0,6,168
1128,-985.6999999999995,200,0.15,1811,36.0,268.0,9,151
1129,-697.794,200,0.15,1812,76.0,287.0,12,146
1130,-540.0760000000001,200,0.15,1812,79.0,268.0,22,182
1131,-1002.0260000000004,200,0.15,1812,54.0,305.0,8,157
1132,-264.91399999999993,200,0.15,1815,88.0,236.0,22,163
1133,-157.18600000000018,200,0.15,1815,89.0,208.0,18,173
1134,-755.7619999999998,200,0.15,1818,58.0,266.0,21,164
1135,-95.382,200,0.15,1818,81.0,188.0,21,161
1136,-439.74799999999993,200,0.15,1826,58.0,197.0,27,167
1137,-642.7879999999999,200,0.15,1826,58.0,246.0,15,157
1138,-91.94600000000003,200,0.15,1827,91.0,204.0,33,178
1139,-406.0780000000001,200,0.15,1829,71.0,231.0,17,172
1140,-893.4259999999997,200,0.15,1835,47.0,271.0,8,144
1141,-824.702,200,0.15,1841,45.0,250.0,15,173
1142,-366.54199999999986,200,0.15,1841,85.0,255.0,20,158
1143,-513.2500000000002,200,0.15,1841,65.0,236.0,14,162
1144,-202.986,200,0.15,1841,68.0,173.0,24,164
1145,-462.6539999999999,200,0.15,1841,75.0,245.0,25,151
1146,-198.00000000000003,200,0.15,1848,60.0,168.0,14,163
1147,-676.5719999999997,200,0.15,1850,64.0,264.0,17,150
1148,-460.278,200,0.15,1850,67.0,233.0,20,166
1149,-994.5139999999997,200,0.15,1850,41.0,279.0,9,156
1150,-606.6539999999998,200,0.15,1850,64.0,248.0,13,149
1151,-160.73599999999982,200,0.15,1853,60.0,154.0,16,148
1152,-390.4620000000001,200,0.15,1855,51.0,182.0,14,158
1153,-923.514,200,0.15,1855,56.0,291.0,28,160
1154,143.80400000000014,200,0.15,1858,100.0,178.0,21,153
1155,-901.1799999999997,200,0.15,1858,54.0,284.0,12,152
1156,-624.7820000000003,200,0.15,1860,57.0,242.0,19,168
1157,-662.6540000000001,200,0.15,1860,68.0,270.0,20,131
1158,-1501.432,200,0.15,1860,42.0,375.0,14,136
1159,-382.75600000000003,200,0.15,1863,61.0,205.0,16,156
1160,-489.4519999999999,200,0.15,1863,66.0,229.0,20,159
1161,-432.53800000000024,200,0.15,1863,62.0,210.0,18,155
1162,-1043.02,200,0.15,1863,58.0,319.0,9,165
1163,-932.2940000000001,200,0.15,1863,52.0,288.0,14,151
1164,-45.86600000000011,200,0.15,1864,96.0,214.0,22,140
1165,-494.36399999999986,200,0.15,1867,63.0,230.0,12,157
1166,9.139999999999887,200,0.15,1871,88.0,181.0,17,157
1167,-1127.3760000000002,200,0.15,1871,35.0,290.0,9,156
1168,-486.9900000000001,200,0.15,1871,73.0,245.0,15,170
1169,-813.996,200,0.15,1872,58.0,277.0,17,136
1170,-785.9759999999997,200,0.15,1872,52.0,263.0,13,166
1171,-112.02799999999993,200,0.15,1872,70.0,171.0,20,172
1172,-599.3839999999997,200,0.15,1873,70.0,266.0,16,166
1173,-323.89800000000025,200,0.15,1873,86.0,240.0,29,178
1174,-127.88999999999999,200,0.15,1877,75.0,180.0,24,142
1175,-484.66200000000015,200,0.15,1877,66.0,227.0,12,168
1176,2.9720000000000253,200,0.15,1880,101.0,222.0,32,164
1177,-826.7900000000002,200,0.15,1880,39.0,236.0,10,134
1178,-437.49800000000005,200,0.15,1880,62.0,212.0,16,163
1179,-1060.77,200,0.15,1880,45.0,304.0,22,154
1180,-282.4460000000001,200,0.15,1881,85.0,232.0,32,162
1181,-359.37200000000007,200,0.15,1883,71.0,216.0,13,165
1182,-479.3599999999999,200,0.15,1883,66.0,224.0,24,145
1183,-382.40799999999996,200,0.15,1890,62.0,210.0,21,159
1184,-208.1459999999999,200,0.15,1890,68.0,183.0,22,171
1185,-157.5759999999999,200,0.15,1891,70.0,179.0,20,165
1186,-640.278,200,0.15,1899,61.0,251.0,19,168
1187,-682.2960000000003,200,0.15,1901,46.0,228.0,17,167
1188,-209.274,200,0.15,1901,77.0,205.0,19,159
1189,-744.4519999999995,200,0.15,1901,75.0,302.0,17,140
1190,-577.05,200,0.15,1901,86.0,287.0,17,143
1191,-290.7500000000001,200,0.15,1901,79.0,217.0,18,176
1192,-246.89000000000013,200,0.15,1902,75.0,201.0,16,132
1193,-24.331999999999937,200,0.15,1906,73.0,150.0,17,157
1194,-712.494,200,0.15,1906,61.0,266.0,19,168
1195,-621.18,200,0.15,1909,55.0,238.0,16,167
1196,-1382.2460000000005,200,0.15,1909,45.0,372.0,16,169
1197,-323.28000000000014,200,0.15,1915,72.0,215.0,17,168
1198,-773.0400000000002,200,0.15,1915,62.0,273.0,17,141
1199,-568.7760000000001,200,0.15,1921,68.0,252.0,18,151
1200,-165.588,200,0.15,1922,68.0,182.0,21,162
1201,-634.844,200,0.15,1923,50.0,230.0,8,148
1202,-1162.4380000000003,200,0.15,1932,24.0,275.0,8,169
1203,-576.716,200,0.15,1933,36.0,189.0,11,159
1204,-786.3820000000001,200,0.15,1934,41.0,241.0,14,170
1205,-712.5399999999998,200,0.15,1934,62.0,270.0,13,145
1206,-198.73800000000006,200,0.15,1934,61.0,167.0,13,148
1207,-569.9740000000002,200,0.15,1934,56.0,232.0,14,126
1208,-1270.914000000001,200,0.15,1934,45.0,342.0,8,149
1209,-837.3780000000002,200,0.15,1934,22.0,205.0,7,166
1210,-753.9340000000003,200,0.15,1936,56.0,264.0,15,182
1211,-863.896,200,0.15,1937,58.0,295.0,12,137
1212,-502.0019999999999,200,0.15,1938,48.0,197.0,13,164
1213,-723.194,200,0.15,1938,43.0,228.0,13,168
1214,-507.1860000000001,200,0.15,1938,72.0,254.0,19,168
1215,-122.94799999999992,200,0.15,1939,96.0,232.0,23,158
1216,-223.75800000000015,200,0.15,1940,81.0,215.0,16,172
1217,-639.7879999999996,200,0.15,1940,77.0,295.0,16,153
1218,-921.2439999999999,200,0.15,1940,48.0,281.0,19,162
1219,-546.9780000000001,200,0.15,1941,66.0,245.0,18,175
1220,-614.8519999999999,200,0.15,1941,56.0,238.0,18,140
1221,-852.546,200,0.15,1942,56.0,286.0,16,167
1222,-373.6820000000001,200,0.15,1942,66.0,213.0,16,141
1223,-1005.3320000000004,200,0.15,1944,45.0,295.0,11,150
1224,-289.59000000000003,200,0.15,1950,82.0,233.0,16,165
1225,-317.94999999999993,200,0.15,1950,91.0,259.0,28,156
1226,-549.356,200,0.15,1951,52.0,217.0,16,166
1227,-223.9079999999999,200,0.15,1951,62.0,179.0,19,157
1228,-823.6659999999999,200,0.15,1951,22.0,200.0,13,162
1229,-703.6340000000002,200,0.15,1951,49.0,244.0,16,162
1230,-1071.728,200,0.15,1951,58.0,333.0,15,163
1231,-448.9179999999997,200,0.15,1952,79.0,253.0,25,181
1232,-743.2539999999995,200,0.15,1954,47.0,245.0,10,174
1233,-707.5399999999998,200,0.15,1954,58.0,263.0,19,177
1234,-451.51,200,0.15,1955,48.0,185.0,15,173
1235,-1019.1080000000001,200,0.15,1956,33.0,266.0,12,163
1236,-255.27400000000006,200,0.15,1956,72.0,203.0,17,177
1237,-297.05199999999996,200,0.15,1957,84.0,235.0,18,169
1238,-282.23999999999995,200,0.15,1957,75.0,216.0,18,140
1239,-226.2880000000001,200,0.15,1960,53.0,160.0,16,158
1240,-571.2160000000001,200,0.15,1960,77.0,277.0,15,152
1241,-474.356,200,0.15,1960,70.0,238.0,17,142
1242,-1085.7819999999997,200,0.15,1961,37.0,290.0,9,160
1243,-537.0719999999998,200,0.15,1961,70.0,255.0,17,164
1244,-236.60600000000008,200,0.15,1961,51.0,156.0,14,166
1245,-358.7280000000001,200,0.15,1961,61.0,201.0,21,159
1246,-508.57,200,0.15,1961,72.0,253.0,18,153
1247,-443.852,200,0.15,1961,73.0,243.0,14,165
1248,-229.23999999999992,200,0.15,1961,89.0,236.0,19,162
1249,37.590000000000025,200,0.15,1961,91.0,191.0,27,167
1250,-662.7060000000001,200,0.15,1963,59.0,255.0,18,169
1251,-317.8999999999999,200,0.15,1966,76.0,224.0,21,154
1252,-583.1639999999998,200,0.15,1966,72.0,273.0,19,170
1253,-668.2840000000004,200,0.15,1966,57.0,251.0,11,151
1254,-398.1799999999999,200,0.15,1968,76.0,241.0,21,163
1255,-866.5939999999993,200,0.15,1968,58.0,293.0,16,172
1256,-280.2100000000001,200,0.15,1971,77.0,223.0,20,158
1257,-425.7559999999999,200,0.15,1972,78.0,253.0,17,171
1258,-959.5280000000004,200,0.15,1972,39.0,269.0,9,162
1259,-1222.1060000000002,200,0.15,1972,9.0,254.0,3,171
1260,-926.5040000000002,200,0.15,1972,37.0,257.0,7,163
1261,-742.0859999999999,200,0.15,1972,51.0,253.0,19,168
1262,-844.6700000000001,200,0.15,1974,41.0,250.0,10,169
1263,-485.54799999999994,200,0.15,1974,58.0,219.0,18,146
1264,-1003.5719999999999,200,0.15,1976,57.0,319.0,16,164
1265,-814.6740000000003,200,0.15,1976,41.0,244.0,15,139
1266,-605.5039999999998,200,0.15,1976,68.0,267.0,18,156
1267,-741.134,200,0.15,1976,49.0,250.0,17,140
1268,-1178.508,200,0.15,1977,38.0,312.0,10,145
1269,-361.26600000000025,200,0.15,1977,62.0,204.0,14,143
1270,-714.3800000000002,200,0.15,1977,75.0,305.0,21,141
1271,-914.324,200,0.15,1977,42.0,274.0,11,137
1272,-1294.7360000000003,200,0.15,1977,49.0,360.0,11,129
1273,-292.7739999999996,200,0.15,1981,77.0,225.0,19,157
1274,-752.6800000000004,200,0.15,1981,72.0,304.0,26,157
1275,-463.5660000000001,200,0.15,1981,57.0,213.0,18,143
1276,-517.7119999999998,200,0.15,1981,77.0,264.0,16,164
1277,-1017.9859999999995,200,0.15,1981,49.0,305.0,12,150
1278,-904.7039999999995,200,0.15,1981,58.0,301.0,24,162
1279,-304.8999999999998,200,0.15,1981,77.0,224.0,24,151
1280,-469.1619999999998,200,0.15,1981,44.0,183.0,13,171
1281,-806.1759999999996,200,0.15,1981,64.0,293.0,11,160
1282,-794.8299999999996,200,0.15,1982,64.0,294.0,16,142
1283,-471.79599999999965,200,0.15,1982,75.0,255.0,26,170
1284,-689.836,200,0.15,1982,53.0,250.0,14,143
1285,-640.18,200,0.15,1982,50.0,234.0,14,151
1286,-1055.4779999999996,200,0.15,1982,55.0,328.0,14,170
1287,-806.6180000000002,200,0.15,1984,55.0,271.0,14,177
1288,-699.2859999999998,200,0.15,1987,35.0,216.0,9,164
1289,-825.4979999999998,200,0.15,1987,52.0,272.0,13,159
1290,-692.644,200,0.15,1987,57.0,263.0,15,165
1291,-635.126,200,0.15,1987,59.0,251.0,21,172
1292,-375.5040000000001,200,0.15,1994,43.0,159.0,16,162
1293,-1163.9720000000011,200,0.15,1994,36.0,300.0,12,157
1294,-108.58800000000006,200,0.15,1994,72.0,175.0,16,173
1295,-474.9919999999999,200,0.15,1995,58.0,215.0,20,162
1296,-788.9379999999998,200,0.15,1998,65.0,291.0,13,154
1297,-684.8,200,0.15,1999,57.0,253.0,22,163
1298,-729.8339999999998,200,0.15,1999,48.0,243.0,14,175
1299,-525.5180000000001,200,0.15,1999,38.0,178.0,23,157
1300,-500.4099999999999,200,0.15,1999,60.0,223.0,15,138
1301,-615.6799999999995,200,0.15,1999,63.0,257.0,13,159
1302,-573.7499999999999,200,0.15,2000,64.0,247.0,14,159
1303,-396.6160000000001,200,0.15,2000,80.0,255.0,24,135
1304,-463.44600000000014,200,0.15,2000,71.0,241.0,14,160
1305,-879.4560000000002,200,0.15,2000,42.0,255.0,14,158
1306,-924.0500000000001,200,0.15,2000,56.0,299.0,17,176
1307,-678.5500000000003,200,0.15,2000,62.0,259.0,19,167
1308,-1143.8959999999997,200,0.15,2000,50.0,334.0,13,139
1309,-785.1760000000003,200,0.15,2000,46.0,247.0,13,147
1310,-749.3199999999999,200,0.15,2000,45.0,238.0,7,164
1311,-1537.5980000000004,200,0.15,2000,27.0,359.0,7,156
1312,-629.524,200,0.15,2004,60.0,254.0,17,169
1313,-574.4379999999995,200,0.15,2004,77.0,279.0,17,163
1314,-1019.7100000000003,200,0.15,2004,47.0,306.0,10,136
1315,-988.452,200,0.15,2006,43.0,282.0,17,145
1316,-913.1379999999996,200,0.15,2006,53.0,289.0,9,151
1317,-511.0260000000002,200,0.15,2006,56.0,219.0,14,175
1318,-957.0360000000002,200,0.15,2006,34.0,257.0,10,172
1319,-493.32799999999975,200,0.15,2006,72.0,247.0,16,168
1320,-810.974,200,0.15,2006,47.0,260.0,13,142
1321,-1174.462,200,0.15,2006,41.0,318.0,11,178
1322,-518.3160000000004,200,0.15,2006,93.0,305.0,23,160
1323,-908.2779999999997,200,0.15,2007,66.0,320.0,13,185
1324,-895.0039999999999,200,0.15,2007,36.0,249.0,9,155
1325,-640.9799999999999,200,0.15,2009,41.0,208.0,9,178
1326,-829.2539999999995,200,0.15,2009,46.0,263.0,10,155
1327,-783.2599999999994,200,0.15,2009,54.0,269.0,13,159
1328,-1201.5180000000003,200,0.15,2009,33.0,304.0,6,174
1329,-1367.8979999999997,200,0.15,2009,12.0,290.0,6,158
1330,-1359.8500000000001,200,0.15,2009,28.0,326.0,5,131
1331,-979.6599999999999,200,0.15,2012,49.0,297.0,10,176
1332,-1096.934,200,0.15,2012,29.0,276.0,5,160
1333,-948.1739999999998,200,0.15,2013,41.0,274.0,9,164
1334,-468.77600000000007,200,0.15,2013,50.0,195.0,12,177
1335,-790.7240000000002,200,0.15,2013,70.0,308.0,13,182
1336,-884.0379999999999,200,0.15,2014,59.0,302.0,10,179
1337,-1353.99,200,0.15,2014,0.0,259.0,0,173
1338,-1120.6700000000003,200,0.15,2014,26.0,272.0,5,169
1339,-521.2960000000002,200,0.15,2014,54.0,221.0,13,180
1340,-1298.373999999999,200,0.15,2014,9.0,268.0,3,176
1341,-1053.6719999999998,200,0.15,2014,23.0,253.0,5,166
1342,-946.2039999999998,200,0.15,2014,40.0,270.0,7,161
1343,-693.342,200,0.15,2014,65.0,274.0,11,177
1344,-760.286,200,0.15,2015,62.0,282.0,17,162
1345,-685.7139999999998,200,0.15,2017,56.0,250.0,23,176
1346,-840.9920000000002,200,0.15,2017,55.0,283.0,18,179
1347,-382.7459999999998,200,0.15,2018,80.0,250.0,22,162
1348,-824.1439999999999,200,0.15,2018,49.0,270.0,12,144
1349,-837.6199999999999,200,0.15,2018,42.0,249.0,17,153
1350,-865.9999999999998,200,0.15,2018,39.0,249.0,14,167
1351,-805.0880000000001,200,0.15,2018,46.0,256.0,15,177
1352,-287.262,200,0.15,2019,78.0,229.0,22,162
1353,-1243.2679999999996,200,0.15,2022,34.0,316.0,8,148
1354,-866.9419999999998,200,0.15,2022,46.0,270.0,11,150
1355,-1082.8880000000001,200,0.15,2022,34.0,283.0,10,175
1356,-987.2960000000003,200,0.15,2023,34.0,262.0,16,155
1357,-430.7359999999998,200,0.15,2024,39.0,165.0,9,146
1358,-998.3140000000002,200,0.15,2026,44.0,289.0,8,157
1359,-589.0279999999998,200,0.15,2027,47.0,209.0,18,155
1360,-929.2900000000001,200,0.15,2027,39.0,263.0,11,155
1361,-750.98,200,0.15,2028,39.0,229.0,16,145
1362,-280.716,200,0.15,2028,69.0,199.0,13,157
1363,-710.6399999999999,200,0.15,2028,53.0,254.0,12,153
1364,-1075.1599999999999,200,0.15,2028,44.0,305.0,11,149
1365,-538.9580000000001,200,0.15,2028,40.0,187.0,11,155
1366,-1035.3299999999995,200,0.15,2028,43.0,297.0,12,152
1367,-1141.438,200,0.15,2030,54.0,341.0,10,160
1368,-686.2900000000001,200,0.15,2030,53.0,248.0,18,173
1369,-274.35600000000005,200,0.15,2030,64.0,187.0,14,164
1370,-239.952,200,0.15,2031,79.0,205.0,23,169
1371,-476.2080000000001,200,0.15,2033,57.0,214.0,13,166
1372,-590.7199999999996,200,0.15,2034,55.0,223.0,18,154
1373,-249.13999999999984,200,0.15,2037,79.0,212.0,20,154
1374,-390.18799999999965,200,0.15,2037,95.0,279.0,23,158
1375,-801.7359999999999,200,0.15,2037,57.0,277.0,15,162
1376,27.61000000000003,200,0.15,2037,72.0,146.0,16,174
1377,-897.5219999999997,200,0.15,2037,43.0,270.0,12,167
1378,-830.678,200,0.15,2038,52.0,277.0,14,163
1379,-157.346,200,0.15,2038,80.0,202.0,19,168
1380,-694.196,200,0.15,2040,52.0,242.0,14,175
1381,-759.1880000000002,200,0.15,2040,51.0,254.0,12,177
1382,-730.5480000000001,200,0.15,2041,56.0,261.0,13,183
1383,-292.52000000000004,200,0.15,2042,61.0,188.0,21,166
1384,-645.308,200,0.15,2042,62.0,259.0,20,184
1385,-6.25199999999996,200,0.15,2043,106.0,228.0,25,170
1386,-624.9440000000002,200,0.15,2043,60.0,252.0,18,172
1387,-1297.0420000000004,200,0.15,2043,23.0,300.0,9,191
1388,-1118.8139999999994,200,0.15,2048,56.0,340.0,16,180
1389,-1248.5460000000003,200,0.15,2048,31.0,310.0,8,176
1390,-1111.322,200,0.15,2052,41.0,304.0,13,174
1391,-634.5339999999999,200,0.15,2052,61.0,254.0,17,158
1392,-783.2080000000003,200,0.15,2052,44.0,245.0,14,174
1393,-504.05200000000013,200,0.15,2053,69.0,249.0,14,175
1394,-1284.394,200,0.15,2053,25.0,301.0,9,180
1395,-1369.5220000000006,200,0.15,2055,37.0,346.0,12,183
1396,-688.974,200,0.15,2057,58.0,257.0,16,170
1397,-659.8720000000002,200,0.15,2057,88.0,315.0,19,150
1398,-457.57600000000014,200,0.15,2057,60.0,218.0,13,157
1399,-496.0260000000002,200,0.15,2057,65.0,242.0,16,154
1400,-913.5419999999998,200,0.15,2057,43.0,270.0,13,170
1401,-1037.898,200,0.15,2057,47.0,307.0,13,147
1402,-1175.0840000000003,200,0.15,2058,31.0,294.0,7,169
1403,-429.12000000000006,200,0.15,2058,59.0,213.0,15,178
1404,-1009.4700000000001,200,0.15,2058,30.0,256.0,12,168
1405,-463.7599999999998,200,0.15,2058,40.0,173.0,9,164
1406,-786.7220000000002,200,0.15,2059,41.0,239.0,10,170
1407,-411.75399999999996,200,0.15,2061,49.0,186.0,9,167
1408,-1128.7579999999998,200,0.15,2062,43.0,312.0,12,171
1409,-1164.1560000000002,200,0.15,2062,19.0,263.0,7,166
1410,-676.5660000000001,200,0.15,2063,44.0,224.0,12,165
1411,-766.5799999999999,200,0.15,2065,44.0,243.0,14,176
1412,-950.4619999999998,200,0.15,2065,43.0,274.0,9,166
1413,-958.648,200,0.15,2065,22.0,229.0,12,171
1414,-1070.5420000000004,200,0.15,2065,52.0,324.0,21,162
1415,-202.004,200,0.15,2065,72.0,198.0,19,163
1416,-838.5519999999997,200,0.15,2065,44.0,261.0,12,158
1417,-1024.4479999999996,200,0.15,2065,62.0,332.0,14,172
1418,-401.4580000000001,200,0.15,2065,49.0,179.0,13,173
1419,-674.3419999999998,200,0.15,2065,48.0,232.0,13,165
1420,-449.7099999999999,200,0.15,2067,70.0,233.0,16,166
1421,-658.2120000000002,200,0.15,2067,53.0,241.0,15,157
1422,-415.6360000000001,200,0.15,2069,59.0,207.0,14,155
1423,-899.3679999999999,200,0.15,2069,40.0,261.0,8,158
1424,-906.8539999999999,200,0.15,2069,54.0,295.0,12,154
1425,-808.2579999999994,200,0.15,2069,53.0,269.0,13,174
1426,-590.2940000000002,200,0.15,2070,61.0,247.0,13,169
1427,-717.9080000000001,200,0.15,2070,29.0,197.0,5,154
1428,-1188.2119999999998,200,0.15,2070,34.0,301.0,17,173
1429,-483.08799999999997,200,0.15,2071,68.0,239.0,16,175
1430,-1003.1099999999999,200,0.15,2071,40.0,281.0,12,171
1431,-1301.4479999999992,200,0.15,2071,40.0,340.0,13,182
1432,-768.1399999999998,200,0.15,2071,63.0,288.0,14,176
1433,-1165.0679999999995,200,0.15,2072,29.0,289.0,6,156
1434,-702.8019999999998,200,0.15,2072,41.0,224.0,11,158
1435,-853.9039999999999,200,0.15,2072,41.0,253.0,8,163
1436,-1065.1319999999998,200,0.15,2072,28.0,266.0,12,169
1437,-1505.5500000000002,200,0.15,2072,0.0,289.0,0,157
1438,-729.4659999999997,200,0.15,2072,34.0,215.0,9,174
1439,-301.1140000000001,200,0.15,2073,57.0,180.0,19,155
1440,-822.7399999999997,200,0.15,2073,34.0,229.0,11,146
1441,-804.238,200,0.15,2076,37.0,234.0,13,157
1442,-512.432,200,0.15,2076,71.0,250.0,20,163
1443,-287.12,200,0.15,2076,76.0,214.0,18,160
1444,-372.66799999999995,200,0.15,2076,71.0,229.0,20,157
1445,-1232.4040000000005,200,0.15,2076,42.0,328.0,9,155
1446,-990.4599999999996,200,0.15,2076,51.0,307.0,10,162
1447,-824.8620000000004,200,0.15,2076,40.0,244.0,13,159
1448,-1045.5039999999997,200,0.15,2076,39.0,291.0,11,160
1449,-471.47800000000007,200,0.15,2080,52.0,203.0,14,147
1450,-713.1879999999994,200,0.15,2080,52.0,261.0,21,154
1451,-531.9579999999996,200,0.15,2081,70.0,255.0,14,171
1452,-1253.8439999999996,200,0.15,2081,52.0,359.0,12,158
1453,-1901.354,200,0.15,2081,10.0,391.0,1,153
1454,-838.95,200,0.15,2081,50.0,271.0,11,147
1455,-1101.7939999999996,200,0.15,2081,45.0,315.0,12,162
1456,-855.6679999999999,200,0.15,2082,41.0,250.0,9,150
1457,-1448.4,200,0.15,2082,31.0,348.0,6,172
1458,-1070.694,200,0.15,2084,21.0,250.0,3,160
1459,-910.7879999999999,200,0.15,2084,35.0,251.0,7,144
1460,-1327.9900000000005,200,0.15,2084,34.0,330.0,6,164
1461,-1388.3059999999994,200,0.15,2084,15.0,301.0,2,162
1462,-1186.7320000000004,200,0.15,2084,34.0,304.0,15,158
1463,-1599.2020000000011,200,0.15,2084,15.0,340.0,8,164
1464,-1114.1299999999997,200,0.15,2084,17.0,251.0,5,166
1465,-1226.7540000000006,200,0.15,2086,37.0,315.0,19,184
1466,-824.3679999999998,200,0.15,2086,40.0,247.0,12,169
1467,-1303.3439999999996,200,0.15,2087,33.0,322.0,10,175
1468,-867.2659999999998,200,0.15,2087,52.0,281.0,14,181
1469,-922.1940000000004,200,0.15,2092,46.0,279.0,13,168
1470,-1105.1559999999997,200,0.15,2092,26.0,268.0,5,168
1471,-1386.3199999999995,200,0.15,2093,33.0,342.0,8,169
1472,-1134.186,200,0.15,2093,34.0,297.0,11,145
1473,-1202.3440000000003,200,0.15,2093,33.0,302.0,6,163
1474,-1036.6480000000004,200,0.15,2093,21.0,246.0,8,168
1475,-1412.106,200,0.15,2095,26.0,328.0,8,169
1476,-1223.9619999999998,200,0.15,2095,12.0,261.0,2,169
1477,-1983.7039999999997,200,0.15,2096,14.0,418.0,4,160
1478,-1169.2440000000001,200,0.15,2096,14.0,259.0,5,159
1479,-1340.7120000000002,200,0.15,2096,10.0,280.0,2,158
1480,-1148.3880000000001,200,0.15,2096,25.0,277.0,8,177
1481,-1216.222,200,0.15,2096,18.0,273.0,7,145
1482,-1633.8079999999998,200,0.15,2096,15.0,352.0,3,160
1483,-1177.1180000000004,200,0.15,2096,32.0,299.0,6,166
1484,-1035.9759999999999,200,0.15,2098,31.0,264.0,6,162
1485,-858.2779999999996,200,0.15,2098,39.0,249.0,11,182
1486,-1448.1139999999994,200,0.15,2098,7.0,294.0,1,157
1487,-794.6640000000003,200,0.15,2098,25.0,203.0,8,156
1488,-1030.8100000000004,200,0.15,2098,31.0,264.0,6,159
1489,-1415.8680000000002,200,0.15,2098,28.0,339.0,6,144
1490,-883.73,200,0.15,2098,31.0,235.0,12,176
1491,-1190.7819999999995,200,0.15,2100,0.0,229.0,0,168
1492,-992.7119999999998,200,0.15,2100,53.0,308.0,10,167
1493,-1399.46,200,0.15,2100,29.0,334.0,7,150
1494,-562.9659999999999,200,0.15,2101,72.0,266.0,15,161
1495,-653.8680000000002,200,0.15,2101,59.0,252.0,15,177
1496,-1786.3919999999998,200,0.15,2101,51.0,460.0,10,179
1497,-155.64800000000008,200,0.15,2103,80.0,206.0,17,182
1498,-484.76400000000007,200,0.15,2104,60.0,224.0,19,162
1499,-970.7440000000003,200,0.15,2104,35.0,265.0,9,138
